<?xml version="1.0" encoding="utf-8"?>
<resources>
    <color name="emui_accent">H7_ACCENT_COLOR</color>
    <color name="emui_accent_inverse">H7_ACCENT_COLOR</color>
    <color name="emui_accent_pressed">H7_ACCENT_COLOR</color>
    <color name="emui_black">#ffe6e6e6</color>
    <color name="emui_button_default">#1affffff</color>
    <color name="emui_button_default_disabled">#0affffff</color>
    <color name="emui_card_bg">H7_ACTIONBAR</color>
    <color name="emui_clickeffic_default_color">#19ffffff</color>
    <color name="emui_color_1">#ff3f56ea</color>
    <color name="emui_color_10">#ffa56200</color>
    <color name="emui_color_11">#ff8c6800</color>
    <color name="emui_color_2">#ff007aac</color>
    <color name="emui_color_3">#ff00777e</color>
    <color name="emui_color_4">#ff007900</color>
    <color name="emui_color_5">#ff4e7800</color>
    <color name="emui_color_6">#ff8a2be2</color>
    <color name="emui_color_7">#ffe40078</color>
    <color name="emui_color_8">#ffd30003</color>
    <color name="emui_color_9">#ffba5500</color>
    <color name="emui_color_bg">H7_BACKGROUND</color>
    <color name="emui_color_connected">#ff007900</color>
    <color name="emui_color_divider_horizontal">#00ffffff</color>
    <color name="emui_color_fg">#ffffffff</color>
    <color name="emui_color_fg_inverse">#ffe5e5e5</color>
    <color name="emui_color_fg_inverse_disable">#ff616161</color>
    <color name="emui_color_gray_1">H7_ACTIONBAR</color>
    <color name="emui_color_gray_10">#ffe6e6e6</color>
    <color name="emui_color_gray_2">H7_ACTIONBAR</color>
    <color name="emui_color_gray_3">H7_ACTIONBAR</color>
    <color name="emui_color_gray_4">#ff333333</color>
    <color name="emui_color_gray_5">#4ce6e6e6</color>
    <color name="emui_color_gray_6">#ff666666</color>
    <color name="emui_color_gray_7">#ff808080</color>
    <color name="emui_color_gray_8">#ffb3b3b3</color>
    <color name="emui_color_gray_9">#ffcccccc</color>
    <color name="emui_color_handup">#ffd30003</color>
    <color name="emui_color_list_divider">#33ffffff</color>
    <color name="emui_color_primary">#a9ffffff</color>
    <color name="emui_color_secondary">#80ffffff</color>
    <color name="emui_color_subheader_divider">#19ffffff</color>
    <color name="emui_color_tertiary">#61ffffff</color>
    <color name="emui_color_text_highlight">H7_ACCENT_COLOR_PRESS</color>
    <color name="emui_color_text_primary">#a9ffffff</color>
    <color name="emui_color_text_secondary">#80ffffff</color>
    <color name="emui_color_text_tertiary">#61ffffff</color>
    <color name="emui_color_warning">#ffba5500</color>
    <color name="emui_control_highlight">H7_ACCENT_COLOR</color>
    <color name="emui_control_normal">#19ffffff</color>
    <color name="emui_control_normal_disabled">#0affffff</color>
    <color name="emui_fab_bg_normal">H7_ACCENT_COLOR</color>
    <color name="emui_fab_bg_pressed">#ff1a7be1</color>
    <color name="emui_fab_icon">#ffffffff</color>
    <color name="emui_functional_blue">H7_ACCENT_COLOR</color>
    <color name="emui_functional_blue_inverse">H7_ACCENT_COLOR</color>
    <color name="emui_functional_green">#ff007900</color>
    <color name="emui_functional_red">#ffd30003</color>
    <color name="emui_list_separator_text">#80000000</color>
    <color name="emui_primary">#ffffffff</color>
    <color name="emui_primary_inverse">#ffe5e5e5</color>
    <color name="emui_text_disabled">#61ffffff</color>
    <color name="emui_text_highlight_inverse">H7_ACCENT_COLOR_PRESS</color>
    <color name="emui_text_hint">#7fffffff</color>
    <color name="emui_text_hint_inverse">#99ffffff</color>
    <color name="emui_text_inverse_disable">#61ffffff</color>
    <color name="emui_text_primary">#ffffffff</color>
    <color name="emui_text_primary_inverse">#ffffffff</color>
    <color name="emui_text_secondary_inverse">#99ffffff</color>
    <color name="emui_text_tertiary_inverse">#61ffffff</color>
    <color name="emui_white">#ffe6e6e6</color>
	
	
	<color name="color_toolbar_bg">H7_ACTIONBAR</color>
    <color name="hwdotspageindicator_emui_gray_2">#80ffffff</color>
    <color name="hwdotspageindicator_emui_gray_3">#4dffffff</color>
    <color name="hwfab_bg">H7_ACCENT_COLOR</color>
    <color name="hwfab_icon">#ffffffff</color>
    <color name="hwfab_pressed">H7_ACCENT_COLOR</color>
    <color name="recorder_button_bg">#ff4d4d4d</color>
    <color name="recorder_button_bg_press">#ff333333</color>
</resources>
