<?xml version="1.0" encoding="utf-8"?>
<resources>
    <color name="mgrey_light">#FFCCCCCC</color>
    <color name="mgrey_slightly">#FF999999</color>

    <color name="mgrey_normal">#FF666666</color>

    <color name="mgrey_dim">#FF333333</color>
    
    <color name="mviolet_dim">#FFFF8247</color>

    <color name="base_font_color">#FFFFFF</color>

    <color name="emui_common_blue">#0D9FFB</color>

    <color name="detect_green">#00d659</color>

    <color name="detect_red">#ff3320</color>

    <color name="blue_twenty">#338891b9</color>

</resources>
