﻿
<resources>


	<color name="link_blue">H7_COLOR_SETTINGS</color>
    <color name="emui_functional_blue">H7_COLOR_SETTINGS</color>
    <color name="color_wifi_add_other_network_title">H7_COLOR_SETTINGS</color>
    <color name="clear_search_history_text_color">H7_COLOR_SETTINGS</color>
    <color name="color_yalan">H7_COLOR_SETTINGS</color>
    <color name="display_mode_icon_color">H7_COLOR_SETTINGS</color>
    <color name="settings_menu_color_land">H7_COLOR_SETTINGS</color>
    <color name="menu_state_pressed_dark_icon">H7_COLOR_SETTINGS</color>
    <color name="menu_state_focused_dark_icon">H7_COLOR_SETTINGS</color>
    <color name="menu_state_selected_dark_icon">H7_COLOR_SETTINGS</color>
    <color name="menu_state_disabled_dark_icon">H7_COLOR_SETTINGS</color>
    <color name="menu_state_default_dark_icon">H7_COLOR_SETTINGS</color>
    <color name="clean_sub_settings_action_bar_setting_icon">H7_COLOR_SETTINGS</color>
    <color name="face_recognize_button">H7_COLOR_SETTINGS</color>
    <color name="flow_layout_text_bg_pressed">H7_COLOR_SETTINGS_PRESS</color>
    <color name="searchview_cursor_color_light_bg">H7_COLOR_SETTINGS</color>	

    <color name="emui_primary_text">#ffffff</color>
    <color name="emui_text_dark">#ffffff</color>
    <color name="primary_text_dark_disabled">#33ffffff</color>
    <color name="emui_secondary_text">#80ffffff</color>
    <color name="emui_summary_text_dark_disabled">#33ffffff</color>
    <color name="list_text_color_emui_summary">#80ffffff</color>
    <color name="preference_divider_grey">#00ffffff</color>
    <color name="color_30_alpha">#33ffffff</color>
    <color name="settings_icon_color">H7_COLOR_SETTINGS_PRESS</color>
    <color name="settings_menu_color">H7_COLOR_SETTINGS</color>

    <color name="password_hint_color">#33ffffff</color>
    <color name="white">H7_COLOR_SETTINGS</color>
    <color name="settings_arrow_icon_color">#33ffffff</color>
    <color name="settings_empty_state_icon_color">#4Dffffff</color>

    <color name="wifi_qrcode_summary_color">#80ffffff</color>
    <color name="card_background">H7_COLOR_SETTINGS</color>
    <color name="user_experience_background_color">H7_COLOR_SETTINGS</color>
    <color name="empty_text_color">#4dffffff</color>
    <color name="eye_comfort_warm_color">#80ffffff</color>
    <color name="settings_icon_main_color">#80ffffff</color>
    <color name="wifi_signal_dark_color">#80ffffff</color>
    <color name="wifi_signal_light_color">#33ffffff</color>
    <color name="authentication_info_background">#fcfcfc</color>

    <color name="fp_preference_highlight_color">#bfffffff</color>
    <color name="fp_preference_common_color">H7_COLOR_SETTINGS</color>

    <color name="emui_list_separator_default">H7_COLOR_SETTINGS</color>
	
    <color name="device_admin_waring_text">#80ffffff</color>
    <color name="storage_wizard_second_body_color">#80ffffff</color>
    <color name="dialog_message_color">#ffffff</color>
    <color name="dialog_checkbox_message_color">#ffffff</color>
    <color name="status_bar_brightness_image_color">#80ffffff</color>
    <color name="brightness_title_color">#ffffff</color>
    <color name="bluetooth_help_icon_color">#80ffffff</color>
    <color name="brigheness_label_color">#80ffffff</color>
    <color name="privatespace_text_color">#80ffffff</color>
    <color name="payment_list_text_color">#ffffff</color>
    <color name="payment_help_text_color">#ffffff</color>
    <color name="payment_help_text_summary_color">#7fffffff</color>
    <color name="expand_title_color">#ffffff</color>
    <color name="conversation_background">H7_COLOR_SETTINGS</color>
    <color name="color_50_alpha">#80FFFFFF</color>
    <color name="color_50_alpha">#ffffffff</color>
</resources>

