﻿<?xml version="1.0" encoding="utf-8"?>
<resources>

	<color name="circle_view_scale">H7_ACCENT_COLOR</color>
	<color name="emui_button_blue">H7_ACCENT_COLOR</color>
	
	<color name="hwoucDividerColor">#00ffffff</color>
	<color name="hwouc_backgrColor">H7_ACCENT_COLOR</color>
    <color name="device_info_emui_check_text">#ffffffff</color>
    <color name="device_info_emui_check_state_text">#7fffffff</color>
    <color name="new_version_type_100_percent">#fff0460e</color>
    <color name="current_version_type_100_percent">#ffffffff</color>
    <color name="main_page_version_name_color">#7fffffff</color>
    <color name="changelog_lable_color">#ffffffff</color>
    <color name="changelog_text_color">#7fffffff</color>
    <color name="warn_lable_color">#ffffffff</color>
    <color name="version_link_color">H7_ACCENT_COLOR</color>
    <color name="version_name_color">#ffffffff</color>
    <color name="version_size_color">#ffffffff</color>
    <color name="patch_package_num_text">#7fffffff</color>
    <color name="firmware_detail_text_color">#ffffffff</color>
    <color name="download_progress_text_color">#ffffffff</color>
    <color name="percentSymbol_color">#ffffffff</color>
    <color name="download_status_color">#ffffffff</color>
    <color name="white">#000000</color>    
    <color name="black">#FFffffff</color>
    <color name="blue">H7_ACCENT_COLOR</color>
    <color name="highlight_color">H7_ACCENT_COLOR</color>
    <color name="black_90_percent">#e6ffffff</color>
    <color name="black_85_percent">#daffffff</color>
    <color name="black_75_percent">#c0ffffff</color>
    <color name="black_70_percent">#b3ffffff</color>
    <color name="black_65_percent">#a6ffffff</color>
    <color name="black_30_percent">#4cffffff</color>
    <color name="black_10_percent">#19ffffff</color>
	<color name="white">#FFFFFF</color>
	<color name="cotaUpdateDivideBg">#000000</color>
	<color name="changelog_text_color">#ffffff</color>
	<color name="changelog_lable_color">#ffffff</color>
	<color name="warn_text_color">#ffffff</color>
	<color name="black">#ffffff</color>
	<color name="text_color1">#ffffff</color>
	<color name="text_color2">#ffffff</color>
	<color name="text_black_75">#ffffff</color>
	<color name="text_black_forquestion">#ffffff</color>
	<color name="cota_emotion_new_version_label_color">#ffffffff</color> 
	<color name="cota_upgrade_describe_color">#80ffffff</color>
	<color name="cota_changelog_label_color">#ffffff</color> 
	<color name="cota_changelog_text_color">#80ffffff</color>
	<color name="main_page_version_name_color">#7fffffff</color>
</resources>