<?xml version="1.0" encoding="utf-8"?>

<MIUI_Theme_Values template="DarkTemplate">
  <color name="statusbar_content">#99ffffff</color>
  <color name="statusbar_content_title">#e6ffffff</color>
  <color name="notification_miui_action_text_color_p">#66ffffff</color>
  <color name="media_notification_app_name_text_color">#99ffffff</color>
  <color name="notification_time_color">#66ffffff</color>
  <color name="notification_secondary_text_color_light">#99ffffff</color>
  <color name="notification_primary_text_color_light">#e6ffffff</color>
  <color name="notification_miui_action_text_color_n">#66ffffff</color>
</MIUI_Theme_Values>
