<?xml version="1.0" encoding="UTF-8"?><resources>
	<color name="list_item_selected">H7_ACCENT_COLOR</color>
	<color name="background_color">H7_BACKGROUND</color>
	<color name="calendar_date_banner_background">#H7_ACTIONBAR</color>
	<color name="month_day_event_point_color">H7_ACCENT_COLOR</color>
	<color name="month_festival">H7_ACCENT_COLOR</color>    
	<color name="agenda_item_not_selected">H7_BACKGROUND</color> 
	<color name="multi_unselect_color">H7_ACTIONBAR</color>改
	<color name="search_text_color">H7_ACCENT_COLOR</color>
	<color name="primary_color">H7_ACCENT_COLOR</color>    
	<color name="rest_color">H7_ACCENT_COLOR</color>
	<color name="toolbar_bg_color">H7_ACTIONBAR</color>
	<color name="color_white">H7_BACKGROUND</color>
	<color name="background_color">H7_BACKGROUND</color>
	<color name="work_color">H7_ACTIONBAR</color> 
	<color name="month_view_select_event_background">H7_ACTIONBAR</color>   
	<color name="month_view_work_day">H7_ACTIONBAR</color>    
	<color name="emui_numberpicker_select_textcolor">H7_ACCENT_COLOR</color>    
	<color name="agenda_item_background">H7_ACTIONBAR</color>改
	<color name="agenda_item_background_none">H7_BACKGROUND</color>
	<color name="year_view_day_of_frist">H7_ACCENT_COLOR</color>
	<color name="click_text_highlight_color">H7_ACCENT_COLOR</color>
	<color name="action_menu_color">H7_ACCENT_COLOR</color>
	<color name="emui_list_separator_default">H7_ACCENT_COLOR</color>
	<color name="expand_collapse_ib">H7_BACKGROUND</color>
	<color name="select_calendars_fragment_bg">H7_ACTIONBAR</color>
	<color name="day_view_old_background_color">H7_ACTIONBAR</color>
	<color name="day_view_old_background_color">H7_ACTIONBAR</color>
	<color name="emui_numberpicker_select_textcolor">H7_ACCENT_COLOR</color>
	<!--议程部件-->
	<!-- 小部件视图中拒绝事件的文本颜色 -->
	<!-- 小部件视图中非拒绝事件的文本颜色 -->
	<!--月部件-->
	<color name="action_bar_menu_color">H7_ACCENT_COLOR</color>
	<!--22222-->			
	<color name="action_bar_menu_pressed_color">H7_ACCENT_COLOR</color>
	<color name="view_today_bg_circle_color">H7_ACCENT_COLOR</color>
	<color name="ic_public_arrow_normal_fillColor">H7_ACCENT_COLOR</color>
	<color name="ic_public_arrow_pressed">H7_ACCENT_COLOR</color>
	<color name="load_more_event_text_color">H7_ACCENT_COLOR</color>
	<color name="departed_event_area_color">H7_BACKGROUND</color>
	<color name="day_view_old_background_color">H7_BACKGROUND</color>
	<color name="day_view_old_background_color">H7_BACKGROUND</color>
	日历圆点后日程文本
	+
	<color name="month_view_date_area_background">H7_BACKGROUND</color>
	<color name="select_calendar_empty_title_item">H7_BACKGROUND</color>
	<color name="emui_color_gray_7">H7_ACCENT_COLOR</color>
	<color name="background_menu_fab_color">#H7_ACTIONBAR</color>标记加号背景
	<color name="emui_fab_color">H7_ACCENT_COLOR</color>加号
	<color name="fab_color_icon">H7_ACCENT_COLOR</color>圆按钮中间十字架
	<color name="fab_color_white">H7_ACCENT_COLOR</color>
	<color name="emui_fab_bg_normal_translucent">H7_ACCENT_COLOR</color>
	<color name="emui_fab_icon">H7_ACCENT_COLOR</color>
	<color name="emui_color_gray_10">H7_ACCENT_COLOR</color>
	<color name="search_text_color">H7_ACCENT_COLOR</color>
	<color name="agenda_item_background">H7_ACCENT_COLOR_DISABLED</color>
	<color name="action_menu_color">H7_ACCENT_COLOR</color>
	<color name="load_more_event_text_color_pressed">H7_ACCENT_COLOR_PRESS</color>
	<color name="header_num_circle_color">H7_ACCENT_COLOR</color>
	<color name="action_bar_menu_disable_color">H7_ACCENT_COLOR_DISABLED</color>
	<color name="ActionbarTitleCount_Program">H7_ACCENT_COLOR_PRESS</color>
	<color name="text_color_link">H7_ACCENT_COLOR_PRESS</color>
	<color name="color_focused_highlight">H7_ACCENT_COLOR_PRESS</color>
	<color name="list_item_selected">H7_ACCENT_COLOR</color>
	<color name="background_color">H7_BACKGROUND</color>
	<color name="calendar_date_banner_background">H7_ACTIONBAR</color>
	<color name="month_day_event_point_color">H7_ACCENT_COLOR_PRESS</color>
	<color name="month_day_event_point_color_not_focus">H7_ACCENT_COLOR_PRESS</color>
	<color name="header_num_circle_color">H7_ACCENT_COLOR</color>
	<color name="month_event_other_color">H7_ACCENT_COLOR_PRESS</color>
	<color name="month_festival">H7_ACCENT_COLOR_PRESS</color>
	<color name="month_festival_not_focus">H7_ACCENT_COLOR_PRESS</color>
	<color name="agenda_item_not_selected">H7_BACKGROUND</color>
	<color name="agenda_list_separator_color">H7_ACTIONBAR</color>
	<color name="edit_event_separator_area">H7_ACTIONBAR</color>
	<color name="search_text_color">H7_ACCENT_COLOR</color>
	<color name="primary_color">H7_ACCENT_COLOR</color>
	<color name="rest_color">H7_ACCENT_COLOR</color>
	<color name="month_view_select_event_background">H7_ACTIONBAR</color>
	<color name="agenda_fragment_background">H7_BACKGROUND</color>
	<color name="agenda_item_background">H7_BACKGROUND</color>
	<color name="year_view_day_of_frist">H7_ACCENT_COLOR_PRESS</color>
	<color name="departed_event_area_color">H7_ACTIONBAR</color>
	<color name="click_text_highlight_color">H7_ACCENT_COLOR_PRESS</color>
	<color name="action_menu_color">H7_ACCENT_COLOR_PRESS</color>
	<color name="action_menu_pressed_color">H7_ACCENT_COLOR_PRESS</color>
	<color name="agenda_day_view_background">H7_ACCENT_COLOR</color>
	<color name="day_activity_recolor">H7_ACCENT_COLOR</color>
	<color name="event_info_dialog_bg">H7_ACTIONBAR</color>
	<color name="expand_collapse_ib">H7_BACKGROUND</color>
	<color name="search_more_gal_separator">H7_ACCENT_COLOR_PRESS</color>
	<color name="select_calendars_fragment_bg">H7_ACTIONBAR</color>
	<color name="day_view_old_background_color">H7_BACKGROUND</color>
	<color name="day_view_old_background_color">H7_BACKGROUND</color>
	<color name="emui_numberpicker_select_textcolor">H7_ACCENT_COLOR</color>
	<color name="folder_title_count_bg_color">H7_ACTIONBAR</color>
	<color name="action_bar_menu_color">H7_ACCENT_COLOR</color>
	<color name="load_more_event_text_color">H7_ACCENT_COLOR_PRESS</color>
	<color name="action_bar_menu_pressed_color">H7_ACCENT_COLOR</color>
	<color name="drawer_layout_other_view_background">H7_BACKGROUND_PRESS</color>
	<color name="cover_translucence_background">H7_BACKGROUND_PRESS</color>
	<color name="day_view_pop_window_background">H7_BACKGROUND_SEC</color>
	<color name="day_view_event_bg_color_alpha">H7_BACKGROUND</color>
	<color name="day_view_event_pressed_bg_color_alpha">H7_BACKGROUND</color>
	<color name="google_map_current_location_color">H7_BACKGROUND</color>
	<color name="black_calendar_edit_add_bg">H7_BACKGROUND</color>
	<color name="emui_functional_blue">H7_ACCENT_COLOR</color>
	<color name="more_event_color">H7_ACCENT_COLOR</color>
	<color name="view_today_bg_circle_color">H7_ACCENT_COLOR</color>
	<color name="view_today_fill_screen_bg_color">H7_ACCENT_COLOR</color>
	<color name="network_remind_agree_text_color">H7_ACCENT_COLOR</color>
	<color name="action_bar_land_menu_color">H7_ACCENT_COLOR</color>
	<color name="emui_accent">H7_ACCENT_COLOR</color>
	<color name="calendar_main_color">H7_BACKGROUND</color>
	<color name="location_address_list_item_bg">H7_BACKGROUND</color>
    <color name="item_pressed_color">H7_ACTIONBAR</color>
    <color name="action_bar_land_menu_color">H7_ACCENT_COLOR</color>
    <color name="action_bar_menu_color">H7_ACCENT_COLOR</color>
    <color name="action_menu_color">H7_ACCENT_COLOR</color>
    <color name="agenda_item_background">H7_BACKGROUND</color>
    <color name="agenda_list_separator_color">H7_ACTIONBAR</color>
    <color name="background_color">H7_BACKGROUND</color>
    <color name="color_focused_highlight">H7_ACCENT_COLOR</color>
    <color name="color_white">H7_BACKGROUND</color>
    <color name="day_view_pop_window_background">H7_ACTIONBAR</color>
    <color name="departed_event_area_color">H7_ACTIONBAR</color>
    <color name="event_info_dialog_bg">H7_ACTIONBAR</color>
    <color name="fab_color">H7_ACCENT_COLOR</color>
    <color name="fab_color_arc">H7_ACTIONBAR</color>
    <color name="folder_title_count_bg_color">H7_ACTIONBAR</color>
    <color name="header_num_circle_color">H7_ACCENT_COLOR</color>
    <color name="list_item_selected">H7_ACCENT_COLOR</color>
    <color name="month_festival">H7_ACCENT_COLOR</color>
    <color name="month_view_select_event_background">H7_ACTIONBAR</color>
    <color name="more_event_color">H7_ACCENT_COLOR</color>
    <color name="rest_color">H7_ACCENT_COLOR</color>
    <color name="search_text_color">H7_ACCENT_COLOR</color>
    <color name="text_color_link">H7_ACCENT_COLOR</color>
    <color name="today_button_rect_color">H7_ACCENT_COLOR</color>
    <color name="today_color_white">H7_ACCENT_COLOR</color>
    <color name="today_pressed">H7_ACCENT_COLOR_PRESS</color>
    <color name="widget_agenda_today_title_color">H7_ACCENT_COLOR</color>
    <color name="emui_accent">H7_ACCENT_COLOR</color>
    <color name="emui_accent_inverse">H7_ACCENT_COLOR</color>
    <color name="emui_accent_pressed">H7_ACCENT_COLOR</color>
    <color name="emui_color_1">#H7_ACCENT_COLOR</color>
    <color name="emui_color_2">H7_ACCENT_COLOR</color>
    <color name="emui_color_fg_inverse_disable">H7_ACTIONBAR</color>
    <color name="emui_color_gray_1">H7_ACTIONBAR</color>
    <color name="emui_color_gray_2">H7_ACTIONBAR</color>
    <color name="emui_color_gray_3">H7_ACTIONBAR</color>
    <color name="emui_color_gray_4">H7_ACTIONBAR</color>
    <color name="emui_color_text_highlight">H7_ACCENT_COLOR_PRESS</color>
    <color name="emui_control_highlight">H7_ACCENT_COLOR</color>
    <color name="emui_fab_bg_normal">H7_ACCENT_COLOR</color>
    <color name="emui_fab_bg_pressed">H7_ACCENT_COLOR_PRESS</color>
    <color name="emui_functional_blue">H7_ACCENT_COLOR</color>
    <color name="emui_functional_blue_inverse">H7_ACCENT_COLOR</color>
    <color name="emui_text_highlight_inverse">H7_ACCENT_COLOR_PRESS</color>
    <color name="hwdateandtimepicker_alert_dialog_button_text_color">H7_ACCENT_COLOR</color>
    <color name="hwdateandtimepicker_backgroud_color">H7_ACTIONBAR</color>
    <color name="hwdatepicker_alert_dialog_button_text_color">H7_ACCENT_COLOR</color>
    <color name="hwdatepicker_backgroud_color">H7_ACTIONBAR</color>
    <color name="hwsubtab_emui_subtab_text_on">H7_ACCENT_COLOR</color>
    <color name="hwsubtab_indicator_color">H7_ACCENT_COLOR</color>
    <color name="hwswitch_off_track_bg">H7_ACTIONBAR</color>
    <color name="hwswitch_thumb_disable">H7_BACKGROUND</color>
</resources>