<?xml version="1.0" encoding="utf-8"?>

<MIUI_Theme_Values template="LightTemplate">
  <color name="statusbar_content">#99000000</color>
  <color name="statusbar_content_title">#e6000000</color>
  <color name="notification_miui_action_text_color_p">#66000000</color>
  <color name="media_notification_app_name_text_color">#99000000</color>
  <color name="holo_red_dark">#ffcc0000</color>
  <color name="notification_time_color">#66000000</color>
  <color name="notification_secondary_text_color_light">#99000000</color>
  <color name="notification_primary_text_color_light">#e6000000</color>
  <color name="notification_miui_action_text_color_n">#66000000</color>
</MIUI_Theme_Values>
