<?xml version="1.0" encoding="utf-8"?>

<MIUI_Theme_Values template="LightTemplate">
  <color name="hint_edit_text_dialog_color_light" package="miui">#66000000</color>
  <color name="basic_info_item_title_color">#e6000000</color>
  <color name="preference_secondary_text_color_pressed_light" package="miui">#99000000</color>
  <color name="unlock_text_light">#e6000000</color>
  <color name="edit_text_color_light" package="miui">#e6000000</color>
  <integer name="checkwidget_background_normal_alpha_light" package="miui">25</integer>
  <color name="dialog_list_text_color_normal_light" package="miui">#e6000000</color>
  <color name="divider_color_light" package="miui">#0d000000</color>
  <color name="ringtone_item_value_color">#99000000</color>
  <color name="button_text_color_light" package="miui">#e6000000</color>
  <integer name="checkwidget_stroke_normal_alpha_light" package="miui">50</integer>
  <color name="screen_effect_btn_stroke_unchecked">#e6000000</color>
  <color name="text_edit_action_popup_more_normal_light" package="miui">H7_ACCENT_COLOR</color>
  <color name="preference_secondary_text_color_checked_light" package="miui">H7_ACCENT_COLOR</color>
  <color name="checkbox_btn_on_background_color_light" package="miui">H7_ACCENT_COLOR</color>
  <color name="action_mode_button_text_color_normal_light" package="miui">#e6000000</color>
  <color name="button_text_color_guide_normal_light" package="miui">H7_ACCENT_COLOR</color>
  <color name="progressDisableColor" package="miui">H7_ACCENT_COLOR</color>
  <color name="preference_category_text_color_light" package="miui">#99000000</color>
  <color name="unlock_text_summary">#99000000</color>
  <color name="raise_bottom_height_of_keyboard_sub_text_color">#99000000</color>
  <color name="text_edit_action_popup_summary_normal_light" package="miui">#99000000</color>
  <color name="select_radio_button_text_color">#e6000000</color>
  <color name="dim_foreground_light" package="miui">#99000000</color>
  <color name="recommend_item_link">H7_ACCENT_COLOR</color>
  <color name="dialog_bg_color_light" package="miui">H7_BACKGROUND</color>
  <bool name="check_widget_anim_enable" package="miui">false</bool>
  <color name="screen_effect_btn_stroke_checked">H7_ACCENT_COLOR</color>
  <color name="edit_text_search_hint_color_light" package="miui">#66000000</color>
  <integer name="window_translucent_status" package="miui">1</integer>
  <color name="button_text_color_dialog_light" package="miui">#e6000000</color>
  <color name="list_secondary_text_color_disable_light">#4c000000</color>
  <color name="button_text_color_dialog_disabled_light" package="miui">#4c000000</color>
  <color name="svg_icon_color_red_normal_light" package="miui">#ffff2a48</color>
  <color name="list_item_bg_color_pressed_light" package="miui">#0c000000</color>
  <color name="add_fingerprint_title_text_color">#e6000000</color>
  <color name="text_select_item_bg_color_pressed_light" package="miui">#19000000</color>
  <color name="dialog_message_text_color_light" package="miui">#99000000</color>
  <color name="action_mode_button_text_color_disable_light" package="miui">#4c000000</color>
  <color name="preference_primary_text_color_pressed_light" package="miui">#e6000000</color>
  <color name="text_edit_action_popup_info_normal_light" package="miui">#66000000</color>
  <color name="blank_page_text_color_light" package="miui">#66000000</color>
  <color name="sliding_button_bar_off_light" package="miui">#0d000000</color>
  <color name="action_button_text_color_disable_light" package="miui">#4c000000</color>
  <color name="default_text_color">#e6000000</color>
  <color name="color_radio_button_text">#e6000000</color>
  <color name="add_fingerprint_finish_title_text_color">#e6000000</color>
  <color name="sliding_button_bar_on_light" package="miui">H7_ACCENT_COLOR</color>
  <color name="numberpicker_label" package="miui">H7_ACCENT_COLOR</color>
  <color name="edit_text_dialog_color_disabled_light" package="miui">#4c000000</color>
  <color name="screen_effect_btn_checked">H7_ACCENT_COLOR</color>
  <color name="preference_primary_text_color_light" package="miui">#e6000000</color>
  <color name="ringtone_item_title_color">#e6000000</color>
  <color name="main_page_background">H7_BACKGROUND</color>
  <color name="checkbox_btn_on_foreground_color_light" package="miui">#ffffffff</color>
  <color name="list_secondary_text_color_pressed_light" package="miui">#99000000</color>
  <color name="action_bar_subtitle_text_light" package="miui">#99000000</color>
  <color name="list_secondary_text_color_disable_light" package="miui">#4c000000</color>
  <color name="bluetooth_dialog_text_color">#99000000</color>
  <color name="svg_icon_color_normal_light" package="miui">#e6000000</color>
  <color name="edit_text_search_color_light" package="miui">#e6000000</color>
  <color name="choose_password_forget_text_color_light">#66000000</color>
  <color name="account_info_text_color">#e6000000</color>
  <color name="action_button_text_color_normal_light" package="miui">#e6000000</color>
  <color name="ringtone_item_region_color">#19000000</color>
  <color name="hint_foreground_light" package="miui">#66000000</color>
  <color name="progressPrimaryColor" package="miui">H7_ACCENT_COLOR</color>
  <color name="font_size_view_background">#19000000</color>
  <color name="text_edit_action_popup_title_normal_light" package="miui">#e6000000</color>
  <color name="add_fingerprint_msg_text_color">#99000000</color>
  <color name="svg_icon_color_blue_selected_light" package="miui">H7_ACCENT_COLOR</color>
  <color name="checkbox_btn_disable_background_color_light" package="miui">#ff000000</color>
  <color name="text_edit_action_popup_text_pressed" package="miui">H7_ACCENT_COLOR</color>
  <color name="edit_text_dialog_color_normal_light" package="miui">#e6000000</color>
  <color name="list_secondary_text_color_pressed_light">#99000000</color>
  <color name="svg_icon_color_pressed_light" package="miui">#99000000</color>
  <color name="list_secondary_text_color_normal_light">#99000000</color>
  <color name="volume_seekbar_title_color">#e6000000</color>
  <color name="sliding_btn_slider_off_normal_color_light" package="miui">#ffffffff</color>
  <color name="usage_stats_black60">#99000000</color>
  <color name="screen_effect_btn_unchecked">#e6000000</color>
  <color name="preference_secondary_text_color_light" package="miui">#99000000</color>
  <color name="recommend_title_color">#99000000</color>
  <color name="svg_icon_color_disable_light">#4c000000</color>
  <color name="svg_icon_color_pressed_light">#99000000</color>
  <color name="search_action_mode_cancel_text_color_pressed" package="miui">#99000000</color>
  <color name="transparent_60_balck">#99000000</color>
  <color name="font_size_view_small_color">H7_ACCENT_COLOR</color>
  <color name="new_version_text_color">H7_ACCENT_COLOR</color>
  <color name="numberpicker_highlight_text" package="miui">H7_ACCENT_COLOR</color>
  <color name="preference_primary_text_color_disable_light" package="miui">#4c000000</color>
  <color name="seekbar_progress_color" package="miui">#ffffffff</color>
  <color name="fold_description_text_color">#66000000</color>
  <color name="slider_color_header">#99000000</color>
  <integer name="checkwidget_stroke_disable_alpha_light" package="miui">25</integer>
  <color name="highlight_normal_light" package="miui">H7_ACCENT_COLOR</color>
  <color name="dialog_message_text_color_light">#99000000</color>
  <color name="sliding_btn_slider_on_pressed_color_light" package="miui">#ffffffff</color>
  <color name="font_size_view_big_center_color">#ffffffff</color>
  <color name="white">#00000000</color>
  <color name="numberpicker_hint_text" package="miui">#e6000000</color>
  <color name="preference_secondary_text_color_disable_light" package="miui">#4c000000</color>
  <color name="text_select_item_bg_color_normal_light" package="miui">#00000000</color>
  <color name="svg_icon_color_blue_disable_light" package="miui">#4c000000</color>
  <color name="list_secondary_text_color_normal_light" package="miui">#99000000</color>
  <color name="checkbox_btn_stroke_color_light" package="miui">#ff000000</color>
  <color name="text_edit_action_popup_text_normal" package="miui">#e6000000</color>
  <color name="prompt_text_color">#66000000</color>
  <color name="svg_icon_color_red_pressed_light" package="miui">#99000000</color>
  <color name="notch_radio_button_text_checked">H7_ACCENT_COLOR</color>
  <color name="new_version_button_color">H7_ACCENT_COLOR_DISABLED</color>
  <color name="notch_radio_button_text">#e6000000</color>
  <color name="svg_icon_color_normal_light">#e6000000</color>
  <color name="font_size_view_big_color">H7_ACCENT_COLOR</color>
  <color name="button_text_color_guide_disabled_light" package="miui">#4c000000</color>
  <color name="raise_bottom_height_of_keyboard_text_color">#e6000000</color>
  <color name="dialog_list_text_color_pressed_light" package="miui">#e6000000</color>
  <color name="settings_default_bg_color">#00000000</color>
  <color name="recommend_region_color">#19000000</color>
  <color name="dialog_list_text_color_disabled_light" package="miui">#4c000000</color>
  <color name="action_button_text_color_selected_light" package="miui">H7_ACCENT_COLOR</color>
  <color name="action_mode_button_text_color_selected_light" package="miui">H7_ACCENT_COLOR</color>
  <color name="sliding_btn_slider_off_pressed_color_light" package="miui">#ffffffff</color>
  <color name="paper_mode_disable_tv_color">#e6000000</color>
  <color name="bright_foreground_light" package="miui">#e6000000</color>
  <color name="action_mode_button_text_color_pressed_light" package="miui">#99000000</color>
  <color name="action_mode_title_text_color_light" package="miui">#e6000000</color>
  <color name="dialog_title_text_color" package="miui">#e6000000</color>
  <color name="action_bar_title_text_color_light" package="miui">#e6000000</color>
  <color name="unlock_text_title">#e6000000</color>
  <color name="action_button_text_color_pressed_light" package="miui">#99000000</color>
  <color name="svg_icon_color_red_disable_light" package="miui">#4c000000</color>
  <color name="progressBackground_light" package="miui">#19000000</color>
  <color name="search_action_mode_cancel_text_color_normal" package="miui">#e6000000</color>
  <color name="unlock_text_tips">#66000000</color>
  <color name="dialog_title_text_color">#e6000000</color>
  <integer name="checkwidget_background_disable_alpha_light" package="miui">12</integer>
  <color name="sliding_btn_slider_on_normal_color_light" package="miui">#ffffffff</color>
  <color name="transparent_80_balck">#e6000000</color>
  <color name="bootloader_status_default_color">#e6000000</color>
  <color name="fold_feedback_link_color">H7_ACCENT_COLOR</color>
  <color name="svg_icon_color_disable_light" package="miui">#4c000000</color>
  <color name="basic_info_item_summary_color">#99000000</color>
</MIUI_Theme_Values>
