<?xml version="1.0" encoding="utf-8"?>
<resources>
    <!-- AR000936LE panshuai p00405856 20170608 begin -->
    <color name="root_icon_color">#FFFFFF</color>
    <color name="root_title_color">#FFFFFF</color>
    <color name="drawer_background">H7_BACKGROUND</color>
    <color name="directory_background">H7_BACKGROUND</color>
    <color name="item_doc_title">#FFFFFF</color>
    <color name="item_doc_details">#FFFFFF</color>
    <color name="item_doc_background">H7_ACTIONBAR</color>
    <color name="item_doc_background_selected">H7_BACKGROUND00</color>
    <color name="item_doc_background_grid">H7_ACTIONBAR</color>
    <color name="ic_public_folder">#4CFFFFFF</color>
    <color name="actionbar_text_color">#FFFFFF</color>
    <color name="divider_color">#26FFFFFF</color>
    <!-- DTS2017061201256 panshuai p00405856 20170612 begin -->
    <color name="toolbar_title">#FFFFFF</color>
    <color name="item_subdir_title">#FFFFFF</color>
    <color name="item_subdir">#FFFFFF</color>
    <color name="ic_breadcrumb_arrow">H7_ACCENT_COLOR</color>
    <color name="selected_delete_number">#FFFFFF</color>
    <!-- DTS2017061201256 panshuai p00405856 20170612 end -->
    <!-- DTS2017061602114 panshuai p00405856 20170619 begin -->
    <color name="dialog_title">#FFFFFF</color>
    <color name="empty_icon">#4CFFFFFF</color>
    <color name="emptyfolder_text">#99FFFFFF</color>
    <!-- DTS2017061602114 panshuai p00405856 20170619 end -->
    <!-- AR000936LE panshuai p00405856 20170608 end -->
    <color name="colorControlActivated">H7_ACCENT_COLOR</color>
    <color name="root_activated_color">H7_ACCENT_COLOR</color>
    <color name="primary">H7_ACCENT_COLOR</color>
    <color name="toolbar_bottom_divider_color">#19FFFFFF</color>
    <color name="nav_right_side">#33FFFFFF</color>
</resources>
