<?xml version="1.0" encoding="utf-8"?>
<hwthemes>
	<color name="CS_black">#ff808080</color>
	<color name="CS_black_0_percent">#00808080</color>
	<color name="CS_black_100_percent">#ff808080</color>
	<color name="CS_black_10_percent">#19808080</color>
	<color name="CS_black_15_percent">#26808080</color>
	<color name="CS_black_2_percent">#05808080</color>
	<color name="CS_black_30_percent">#4c808080</color>
	<color name="CS_black_50_percent">#80808080</color>
	<color name="CS_black_5_percent">#0d808080</color>
	<color name="CS_black_60_percent">#99808080</color>
	<color name="CS_black_65_percent">#a6808080</color>
	<color name="CS_black_70_percent">#b3808080</color>
	<color name="CS_black_75_percent">#c0808080</color>
	<color name="CS_black_85_percent">#da808080</color>
	<color name="CS_black_90_percent">#e6808080</color>
	<color name="CS_both_black_80_percent">#cc808080</color>
	<color name="CS_both_black_85_percent">#da808080</color>
	<color name="CS_gray_color">#33808080</color>
	<color name="CS_hint_color">#26808080</color>
	<color name="CS_hint_color_emui5">#51808080</color>
	<color name="CS_img_picture_selected_color">#0e808080</color>
	<color name="CS_link_color">#ff808080</color>
	<color name="accent_off_emui">#33808080</color>
	<color name="actionbar_backtitle_color_black">#ff808080</color>
	<color name="alphaindexer_unselected_alpha_color_dark">#4c808080</color>
	<color name="black">#ff808080</color>
	<color name="black_0_opacity">#00808080</color>
	<color name="black_100_opacity">#ff808080</color>
	<color name="black_10_opacity">#1a808080</color>
	<color name="black_20_opacity">#33808080</color>
	<color name="black_30_opacity">#4d808080</color>
	<color name="black_35_opacity">#59808080</color>
	<color name="black_3_opacity">#07808080</color>
	<color name="black_40_opacity">#66808080</color>
	<color name="black_50_opacity">#80808080</color>
	<color name="black_5_opacity">#0c808080</color>
	<color name="black_60_opacity">#99808080</color>
	<color name="black_65_opacity">#a5808080</color>
	<color name="black_70_opacity">#b3808080</color>
	<color name="black_75_opacity">#bf808080</color>
	<color name="black_80_opacity">#cc808080</color>
	<color name="black_85_opacity">#d8808080</color>
	<color name="black_8_opacity">#14808080</color>
	<color name="black_90_opacity">#e6808080</color>
	<color name="black_ground_opacity">#b2808080</color>
	<color name="bright_foreground_disabled_material_light">#80808080</color>
	<color name="cardview_shadow_end_color">#03808080</color>
	<color name="cardview_shadow_start_color">#37808080</color>
	<color name="checkbox_disable_color">#19808080</color>
	<color name="cn_library_run_playlist_lyric_textview_color">#ff808080</color>
	<color name="cnlibrary_messgaeunread_textview_color">#ff808080</color>
	<color name="cnlibrary_vipcard_details_alphachangedtext_color">#80808080</color>
	<color name="cnlibrary_vipcard_nickname_alphachangedtextview_color">#ff808080</color>
	<color name="cnlibrary_vipcard_vipbtn_alphachangedtext_color">#ff808080</color>
	<color name="comment_head_author_textcolor">#80808080</color>
	<color name="comment_head_name_textcolor">#ff808080</color>
	<color name="comment_list_replay_delete_color">#4c808080</color>
	<color name="comment_list_smalltitle_textcolor">#80808080</color>
	<color name="comment_report_rb_text_color">#ff808080</color>
	<color name="common_actionbar_title_color">#ff808080</color>
	<color name="common_bottom_toolbar_text_color">#33808080</color>
	<color name="common_button_text_color">#ff808080</color>
	<color name="common_category_text_color">#ff808080</color>
	<color name="common_column_more_text_color">#80808080</color>
	<color name="common_column_title_color">#ff808080</color>
	<color name="common_detail_list_title_text_color">#ff808080</color>
	<color name="common_empty_view_textview_color">#ff808080</color>
	<color name="common_google_signin_btn_text_dark_disabled">#1f808080</color>
	<color name="common_google_signin_btn_text_light_default">#90808080</color>
	<color name="common_google_signin_btn_text_light_disabled">#1f808080</color>
	<color name="common_google_signin_btn_text_light_focused">#90808080</color>
	<color name="common_google_signin_btn_text_light_pressed">#de808080</color>
	<color name="common_grid_item_subtitle_text_color">#80808080</color>
	<color name="common_grid_item_title_text_color">#ff808080</color>
	<color name="common_indexlist_item_textview_color">#80808080</color>
	<color name="common_list_item_index_text_color">#80808080</color>
	<color name="common_list_item_subtitle_text_color">#80808080</color>
	<color name="common_list_item_title_text_color">#ff808080</color>
	<color name="common_list_section_divider_color">#0c808080</color>
	<color name="common_list_select_color">#0d808080</color>
	<color name="common_screen_item_textview_color">#ff808080</color>
	<color name="common_screen_item_tip_textview_color">#ff808080</color>
	<color name="common_seekbar_background_color">#1a808080</color>
	<color name="common_seekbar_second_progres_color">#ff808080</color>
	<color name="common_svg_picture_black">#ff808080</color>
	<color name="common_svg_picture_gray">#80808080</color>
	<color name="common_upgrade_progress_color">#80808080</color>
	<color name="coupon_product_color">#ff808080</color>
	<color name="dark">#ff808080</color>
	<color name="design_bottom_navigation_shadow_color">#14808080</color>
	<color name="design_fab_shadow_mid_color">#14808080</color>
	<color name="design_fab_shadow_start_color">#44808080</color>
	<color name="design_fab_stroke_end_inner_color">#0a808080</color>
	<color name="design_fab_stroke_end_outer_color">#0f808080</color>
	<color name="dialog_content_msg_text_color">#ff808080</color>
	<color name="dialog_first_text_disable_color">#41808080</color>
	<color name="dialog_second_text_disable_color">#32808080</color>
	<color name="divider_10">#0f808080</color>
	<color name="divider_20">#33808080</color>
	<color name="emui_black">#ff808080</color>
	<color name="emui_primary">#ff808080</color>
	<color name="emui_svg_icon_light_disabled">#33808080</color>
	<color name="feedback_bg_press">#0d808080</color>
	<color name="feedback_black_03">#07808080</color>
	<color name="feedback_black_10">#19808080</color>
	<color name="feedback_common_black_5">#0c808080</color>
	<color name="feedback_divideline">#26808080</color>
	<color name="feedback_text_color1">#ff808080</color>
	<color name="feedback_text_color2">#80808080</color>
	<color name="feedback_text_color3">#4d808080</color>
	<color name="feedback_text_color_75">#c0808080</color>
	<color name="feedback_text_color_customer_service">#ff808080</color>
	<color name="feedback_text_color_data">#80808080</color>
	<color name="feedback_title_bar_unnormal_color">#0d808080</color>
	<color name="feedback_transparent">#00808080</color>
	<color name="filter_seekbar_number">#80808080</color>
	<color name="get_lyric_btn_edge_color">#4c808080</color>
	<color name="get_lyric_menu_title_color">#ff808080</color>
	<color name="get_lyric_text_color">#c0808080</color>
	<color name="gray">#80808080</color>
	<color name="griditem_mask_color">#33808080</color>
	<color name="hiad_0_percent_black">#00808080</color>
	<color name="hiad_10_percent_black">#19808080</color>
	<color name="hiad_20_percent_black">#33808080</color>
	<color name="hiad_30_percent_black">#4c808080</color>
	<color name="hiad_50_percent_black">#80808080</color>
	<color name="hiad_60_percent_black">#99808080</color>
	<color name="hiad_70_percent_black">#b2808080</color>
	<color name="hiad_80_percent_black">#cc808080</color>
	<color name="hiad_95_percent_black">#0d808080</color>
	<color name="hiad_app_down_installing_borde">#0f808080</color>
	<color name="hiad_app_down_installing_text">#4d808080</color>
	<color name="hiad_black">#ff808080</color>
	<color name="hiad_dialog_gray_10">#ff808080</color>
	<color name="hiad_down_normal_text">#ff808080</color>
	<color name="hiad_emui_9_btn_color">#ff808080</color>
	<color name="hiad_seekbar_thumb_edge_color">#08808080</color>
	<color name="hwbutton_text_color">#d8808080</color>
	<color name="hwbutton_text_disabled">#41808080</color>
	<color name="hwclickeffic_default_color_emui">#ff808080</color>
	<color name="hwedit_emui_black_color_alpha_30">#4d808080</color>
	<color name="hwradiobutton_accent_off_emui">#33808080</color>
	<color name="hwseekbar_scale_color">#33808080</color>
	<color name="hwswitch_bg_off_disable_emui">#0c808080</color>
	<color name="hwswitch_off_disable_dark_emui">#1a808080</color>
	<color name="hwswitch_off_normal_dark_emui">#1a808080</color>
	<color name="indicator_unselected_color">#26808080</color>
	<color name="library_listitem_imageview_color">#ff808080</color>
	<color name="light_gray">#4d808080</color>
	<color name="lyric_screenlock_textshadowcolor">#80808080</color>
	<color name="miniplayer_istip_color">#80808080</color>
	<color name="miniplayer_song_artist_color">#80808080</color>
	<color name="miniplayer_song_title_color">#ff808080</color>
	<color name="myskin_delete_tv_color">#ff808080</color>
	<color name="myskin_item_name_color">#ff808080</color>
	<color name="myskin_item_transparent_color">#00808080</color>
	<color name="myskin_title_tv_color">#ff808080</color>
	<color name="no_vip_buy_text_color">#ff808080</color>
	<color name="not_login_tag_color">#80808080</color>
	<color name="novip_level_color">#ff808080</color>
	<color name="online_listview_bigfont_color">#ff808080</color>
	<color name="online_listview_smallfontshadow_color">#66808080</color>
	<color name="online_music_list_footer_textview_black_color">#80808080</color>
	<color name="package_item_discount_price">#51808080</color>
	<color name="page_grid_title_bg">#00808080</color>
	<color name="play_queue_gray">#80808080</color>
	<color name="playback_cover_color">#00808080</color>
	<color name="playback_notification_bg_color">#0c808080</color>
	<color name="primary_text_default_material_light">#de808080</color>
	<color name="primary_text_disabled_material_light">#39808080</color>
	<color name="radio_detail_bottom_layout_free_text_color">#80808080</color>
	<color name="radio_detail_bottom_layout_record_text_color">#ff808080</color>
	<color name="radio_detail_bottom_layout_sub_text_color">#80808080</color>
	<color name="radio_detail_bottom_subscription_free_bg_color">#33808080</color>
	<color name="radio_detail_desc_description_text_color">#ff808080</color>
	<color name="range_seek_bar_select_color">#b3808080</color>
	<color name="report_problem_but_color">#ff808080</color>
	<color name="report_problem_hint_tv_color">#4d808080</color>
	<color name="report_problem_line_color">#33808080</color>
	<color name="report_problem_tv_color">#ff808080</color>
	<color name="result_view">#b0808080</color>
	<color name="ripple_material_light">#1f808080</color>
	<color name="scan_action_style_background">#00808080</color>
	<color name="scan_music_title">#e6808080</color>
	<color name="search_actionbar_backedittext_color">#ff808080</color>
	<color name="search_actionbar_backedittext_hint_color">#4d808080</color>
	<color name="search_bar_color_pressed">#33808080</color>
	<color name="search_bar_color_shadow">#3a808080</color>
	<color name="search_edit_text_color">#ff808080</color>
	<color name="search_edit_text_cursor_color">#ff808080</color>
	<color name="search_kt_view_color">#33808080</color>
	<color name="search_line_color">#ff808080</color>
	<color name="search_result_feedback">#bf808080</color>
	<color name="secondary_text_default_material_light">#8a808080</color>
	<color name="secondary_text_disabled_material_light">#24808080</color>
	<color name="setting_section_title_textview_color">#b3808080</color>
	<color name="setting_sor_time_filter_seekbar_number_text_color">#80808080</color>
	<color name="skin_actionbar_title_color">#ff808080</color>
	<color name="skin_detail_description_color">#80808080</color>
	<color name="skin_detail_failure_color">#33808080</color>
	<color name="skin_guide_shadow">#bf808080</color>
	<color name="skin_guide_transparent">#00808080</color>
	<color name="skin_list_cache_color_hint">#00808080</color>
	<color name="skin_tintMode_black_color">#ff808080</color>
	<color name="subtab_default_color">#80808080</color>
	<color name="tablayout_tab_noselected_color">#80808080</color>
	<color name="tablayout_tab_pressed_color">#0c808080</color>
	<color name="tag_item_text_unselect_color">#bd808080</color>
	<color name="trans">#00808080</color>
	<color name="ucd_lib_alphaindexer_unselected_alpha_color_dark">#4c808080</color>
	<color name="ucd_lib_black">#ff808080</color>
	<color name="ucd_lib_black_50_opacity">#80808080</color>
	<color name="ucd_lib_common_divider_color">#33808080</color>
	<color name="ucd_lib_pureblack">#ff808080</color>
	<color name="ucd_lib_range_seek_bar_select_color">#ff808080</color>
	<color name="ucd_lib_trans">#00808080</color>
	<color name="ucd_lic_white_5_opacity">#0c808080</color>
	<color name="uiplus_black">#ff808080</color>
	<color name="uiplus_color_4D000000">#4d808080</color>
	<color name="uiplus_color_black_20">#33808080</color>
	<color name="uiplus_color_emui_primary_50">#80808080</color>
	<color name="uiplus_common_emui9_black">#ff808080</color>
	<color name="uiplus_common_emui9_black_alpha_50">#80808080</color>
	<color name="uiplus_detail_default_mask_color">#33808080</color>
	<color name="uiplus_detailpage_collect_tintcolor">#00808080</color>
	<color name="uiplus_divider_color">#33808080</color>
	<color name="uiplus_emui_black">#ff808080</color>
	<color name="uiplus_emui_black_alpha_20">#33808080</color>
	<color name="uiplus_emui_black_alpha_5">#0d808080</color>
	<color name="uiplus_emui_color_gray_10">#ff808080</color>
	<color name="uiplus_emui_primary">#ff808080</color>
	<color name="uiplus_indexertext_color">#808080</color>
	<color name="uiplus_list_icon_color">#7f808080</color>
	<color name="uiplus_listitem_tiny_icon_color">#7f808080</color>
	<color name="uiplus_mini_player_title_color">#ff808080</color>
	<color name="uiplus_music_detail_icon_lightcolor">#80808080</color>
	<color name="uiplus_previewviewpager_title_right_icon_color">#80808080</color>
	<color name="uiplus_slidebar_header_tint_color">#00808080</color>
	<color name="user_artist_group_text_color">#ff808080</color>
	<color name="user_nodata_picture_color">#4d808080</color>
	<color name="user_nodata_text_color">#80808080</color>
	<color name="vedio_black">#ff808080</color>
	<color name="viewfinder_mask">#cc808080</color>
	<color name="vip_popup_window_textcolor">#ff808080</color>
	<color name="wait_tip_tv_color">#ff808080</color>
	<color name="wallet_sdk_black_a_BF">#bf808080</color>
	<color name="wallet_sdk_black_message">#7f808080</color>
	<color name="wallet_sdk_black_title">#ff808080</color>
	<color name="wallet_sdk_primarycolor">#ff808080</color>
	<color name="notification_action_color_filter">#7f808080</color>
	
	
	
	
	<color name="CS_black">#808080</color>
	<color name="CS_black_100_percent">#808080</color>
	<color name="CS_black_10_percent">#19808080</color>
	<color name="CS_black_15_percent">#26808080</color>
	<color name="CS_black_2_percent">#05808080</color>
	<color name="CS_black_30_percent">#4c808080</color>
	<color name="CS_black_50_percent">#88080800</color>
	<color name="CS_black_5_percent">#0d808080</color>
	<color name="CS_black_60_percent">#99808080</color>
	<color name="CS_black_65_percent">#a6808080</color>
	<color name="CS_black_70_percent">#b3808080</color>
	<color name="CS_black_75_percent">#c8080800</color>
	<color name="CS_black_85_percent">#da808080</color>
	<color name="CS_black_90_percent">#e6808080</color>
	<color name="CS_both_black_80_percent">#cc808080</color>
	<color name="CS_both_black_85_percent">#da808080</color>
	<color name="CS_gray_color">#33808080</color>
	<color name="CS_hint_color">#26808080</color>
	<color name="CS_hint_color_emui5">#51808080</color>
	<color name="CS_img_picture_selected_color">#0e808080</color>
	<color name="CS_link_color">#808080</color>
	<color name="accent_off_emui">#33808080</color>
	<color name="alphaindexer_unselected_alpha_color_dark">#4c808080</color>
	<color name="audio_book_user_recommend_title_color">#e6808080</color>
	<color name="black">#808080</color>
	<color name="black_100_opacity">#808080</color>
	<color name="black_10_opacity">#1a808080</color>
	<color name="black_20_opacity">#33808080</color>
	<color name="black_30_opacity">#4d808080</color>
	<color name="black_35_opacity">#59808080</color>
	<color name="black_3_opacity">#07808080</color>
	<color name="black_40_opacity">#66808080</color>
	<color name="black_50_opacity">#88080800</color>
	<color name="black_5_opacity">#0c808080</color>
	<color name="black_60_opacity">#99808080</color>
	<color name="black_65_opacity">#a5808080</color>
	<color name="black_70_opacity">#b3808080</color>
	<color name="black_80_opacity">#cc808080</color>
	<color name="black_85_opacity">#d8808080</color>
	<color name="black_8_opacity">#14808080</color>
	<color name="black_90_opacity">#e6808080</color>
	<color name="black_ground_opacity">#b2808080</color>
	<color name="bright_foreground_disabled_material_light">#88080800</color>
	<color name="cardview_shadow_end_color">#03808080</color>
	<color name="cardview_shadow_start_color">#37808080</color>
	<color name="checkbox_disable_color">#19808080</color>
	<color name="cn_library_run_playlist_lyric_textview_color">#808080</color>
	<color name="cnlibrary_messgaeunread_textview_color">#808080</color>
	<color name="comment_list_replay_delete_color">#4c808080</color>
	<color name="comment_list_smalltitle_textcolor">#88080800</color>
	<color name="common_google_signin_btn_text_dark_disabled">#1f808080</color>
	<color name="common_google_signin_btn_text_light_default">#98080800</color>
	<color name="common_google_signin_btn_text_light_disabled">#1f808080</color>
	<color name="common_google_signin_btn_text_light_focused">#98080800</color>
	<color name="common_google_signin_btn_text_light_pressed">#de808080</color>
	<color name="common_list_item_thirdtitle_text_color">#61808080</color>
	<color name="common_list_section_divider_color">#08808080</color>
	<color name="common_list_select_color">#0d808080</color>
	<color name="dark">#808080</color>
	<color name="design_bottom_navigation_shadow_color">#14808080</color>
	<color name="design_fab_shadow_mid_color">#14808080</color>
	<color name="design_fab_shadow_start_color">#44808080</color>
	<color name="design_fab_stroke_end_inner_color">#0a808080</color>
	<color name="design_fab_stroke_end_outer_color">#0f808080</color>
	<color name="dialog_first_text_disable_color">#41808080</color>
	<color name="dialog_second_text_disable_color">#32808080</color>
	<color name="divider_10">#0f808080</color>
	<color name="divider_20">#33808080</color>
	<color name="emui10_black_38_opacity">#61808080</color>
	<color name="emui_button_default">#0d808080</color>
	<color name="emui_button_default_disabled">#05808080</color>
	<color name="emui_clickeffic_default_color">#0c808080</color>
	<color name="emui_color_text_primary">#e6808080</color>
	<color name="emui_color_text_secondary">#99808080</color>
	<color name="emui_color_text_tertiary">#61808080</color>
	<color name="emui_control_normal">#19808080</color>
	<color name="emui_control_normal_disabled">#0a808080</color>

	<color name="emui_fab_icon_translucent">#e6808080</color>
	<color name="emui_list_separator_text">#88080800</color>
	<color name="emui_list_separator_text_dark">#88080800</color>
	<color name="emui_list_separator_text_translucent">#88080800</color>
	<color name="emui_svg_icon_light_default">#33808080</color>
	<color name="emui_svg_icon_light_disabled">#33808080</color>
	<color name="emui_text_disabled">#61808080</color>
	<color name="emui_text_hint">#99808080</color>
	<color name="emui_text_primary">#808080</color>
	<color name="feedback_sdk_common_black">#808080</color>
	<color name="feedback_sdk_common_black_20">#33808080</color>
	<color name="feedback_sdk_common_black_40">#66808080</color>
	<color name="feedback_sdk_common_black_50">#88080800</color>
	<color name="feedback_sdk_common_black_85">#d8808080</color>
	<color name="feedback_sdk_grid_divider_color">#33808080</color>
	<color name="feedback_sdk_label_text_color_normal">#808080</color>
	<color name="feedback_sdk_preview_bottom_toolbar_bg">#cc808080</color>
	<color name="feedback_sdk_problem_recycle_normol_question_type_bg">#19808080</color>
	<color name="feedback_sdk_text_normal_black">#e6808080</color>
	<color name="feedback_sdk_text_normal_black_50">#99808080</color>
	<color name="feedback_toggle_item_bg_color">#0d808080</color>
	<color name="get_lyric_btn_edge_color">#4c808080</color>
	<color name="get_lyric_menu_title_color">#808080</color>
	<color name="get_lyric_text_color">#c8080800</color>
	<color name="gray">#88080800</color>
	<color name="hiad_10_percent_black">#19808080</color>
	<color name="hiad_20_percent_black">#33808080</color>
	<color name="hiad_30_percent_black">#4c808080</color>
	<color name="hiad_50_percent_black">#88080800</color>
	<color name="hiad_60_percent_black">#99808080</color>
	<color name="hiad_70_percent_black">#b2808080</color>
	<color name="hiad_80_percent_black">#cc808080</color>
	<color name="hiad_activie_app_desc_color">#99808080</color>
	<color name="hiad_activie_app_name_color">#e6808080</color>
	<color name="hiad_app_down_installing_bg">#0d808080</color>
	<color name="hiad_app_down_installing_stroke">#0d808080</color>
	<color name="hiad_down_normal_bg">#0d808080</color>
	<color name="hiad_down_normal_bg_press">#1a808080</color>
	<color name="hiad_down_normal_stroke">#0d808080</color>
	<color name="hiad_emui_9_btn_color">#808080</color>
	<color name="hiad_emui_black">#808080</color>
	<color name="hiad_open_btn_normal_bg">#0d808080</color>
	<color name="hiad_seekbar_thumb_edge_color">#08808080</color>
	<color name="hiad_text_shadow_color">#4c808080</color>
	<color name="hwbutton_text_color">#d8808080</color>
	<color name="hwbutton_text_disabled">#41808080</color>
	<color name="hwclickeffic_default_color_emui">#808080</color>
	<color name="hwdivider_horizontal_color_emui">#33808080</color>
	<color name="hwedit_emui_black_color_alpha_30">#4d808080</color>
	<color name="hwradiobutton_accent_off_emui">#33808080</color>
	<color name="hwseekbar_scale_color">#33808080</color>
	<color name="hwswitch_bg_off_disable_emui">#0c808080</color>
	<color name="hwswitch_off_disable_dark_emui">#1a808080</color>
	<color name="hwswitch_off_normal_dark_emui">#1a808080</color>
	<color name="indicator_unselected_color">#26808080</color>
	<color name="library_listitem_imageview_color">#808080</color>
	<color name="light_gray">#4d808080</color>
	<color name="lyric_screenlock_textshadowcolor">#88080800</color>
	<color name="media_black">#808080</color>
	<color name="media_lyric_menu_text_black">#808080</color>
	<color name="media_lyric_menu_text_black_no_enable">#41808080</color>
	<color name="media_lyric_screenlock_textshadowcolor">#88080800</color>
	<color name="media_play_list_first_textcolor">#e6808080</color>
	<color name="media_play_list_second_textcolor">#99808080</color>
	<color name="meida_black_no_night">#808080</color>
	<color name="mtrl_btn_bg_color_disabled">#1f808080</color>
	<color name="mtrl_btn_text_color_disabled">#61808080</color>
	<color name="mtrl_scrim_color">#52808080</color>
	<color name="mtrl_textinput_default_box_stroke_color">#6b808080</color>
	<color name="mtrl_textinput_disabled_color">#1f808080</color>
	<color name="mtrl_textinput_filled_box_default_background_color">#0a808080</color>
	<color name="mtrl_textinput_hovered_box_stroke_color">#de808080</color>
	<color name="music_coupon_black_10">#1a808080</color>
	<color name="music_coupon_black_5">#0d808080</color>

	<color name="myskin_item_name_color">#e6808080</color>
	<color name="online_listview_bigfont_color">#808080</color>
	<color name="online_listview_smallfontshadow_color">#66808080</color>
	<color name="online_music_list_footer_textview_black_color">#88080800</color>

	<color name="playback_notification_bg_color">#0c808080</color>

	<color name="primary_button_text_black">#808080</color>
	<color name="primary_text_default_material_light">#de808080</color>
	<color name="primary_text_disabled_material_light">#39808080</color>
	<color name="radio_preference_dialog_default_color">#0c808080</color>
	<color name="radio_seekbar_background">#0c808080</color>
	<color name="range_seek_bar_select_color">#b3808080</color>
	<color name="result_view">#b8080800</color>
	<color name="ripple_material_light">#1f808080</color>
	<color name="run_playlist_pollen_img_color">#66808080</color>
	<color name="scan_music_title">#e6808080</color>
	<color name="search_bar_color_pressed">#33808080</color>
	<color name="search_bar_color_shadow">#3a808080</color>
	<color name="search_kt_view_color">#33808080</color>
	<color name="secondary_text_default_material_light">#8a808080</color>
	<color name="secondary_text_disabled_material_light">#24808080</color>
	<color name="skin_detail_description_color">#e6808080</color>
	<color name="skin_guide_shadow">#bf808080</color>
	<color name="tablayout_tab_noselected_color">#99808080</color>
	<color name="tablayout_tab_pressed_color">#0c808080</color>
	<color name="tag_item_text_unselect_color">#bd808080</color>
	<color name="transparent_5">#0c808080</color>
	<color name="ucd_lib_alphaindexer_unselected_alpha_color_dark">#4c808080</color>
	<color name="ucd_lib_black_50_opacity">#88080800</color>
	<color name="ucd_lib_common_divider_color">#33808080</color>
	<color name="ucd_lic_white_5_opacity">#0c808080</color>
	<color name="uiplus_color_4D000000">#4d808080</color>
	<color name="uiplus_emui10_black_alpha_10">#1a808080</color>
	<color name="user_nodata_picture_color">#61808080</color>
	<color name="user_nodata_text_color">#88080800</color>
	<color name="userwelcome_app_name">#e6808080</color>
	<color name="userwelcome_black_60_opacity">#99808080</color>
	<color name="vedio_black">#808080</color>
	<color name="viewfinder_mask">#cc808080</color>
	<color name="wallet_sdk_black_a_BF">#bf808080</color>
	<color name="wallet_sdk_black_message">#7f808080</color>
	<color name="wallet_sdk_black_title">#808080</color>
	<color name="wallet_sdk_primarycolor">#808080</color>
	<color name="wallet_sdk_hwpay_bg_color">#808080</color>
	<color name="wallet_sdk_white">#808080</color>
	<color name="cn_library_pay_cache_tip_button_color">#808080</color>
	<color name="common_detail_operation_color">#808080</color>
	<color name="common_grid_item_picture_text_color">#808080</color>
	<color name="common_immersive_actionbar_title_color">#808080</color>
	<color name="feedback_sdk_notice_view_background">#808080</color>
	<color name="feedback_sdk_notice_view_pad_background">#808080</color>
	<color name="hiad_10_percent_white">#19808080</color>
	<color name="hiad_15_percent_white">#26808080</color>
	<color name="hiad_25_percent_white">#38080800</color>
	<color name="hiad_30_percent_white">#4c808080</color>
	<color name="hiad_40_percent_white">#66808080</color>
	<color name="hiad_50_percent_white">#88080800</color>
	<color name="hiad_80_percent_white">#cc808080</color>
	<color name="hiad_emui_white">#808080</color>
	<color name="hiad_video_progress_bg">#26808080</color>
	<color name="hiad_video_time_txt">#b2808080</color>
	<color name="radio_bg">#808080</color>
	<color name="radio_detail_desc_song_text_color">#808080</color>
	<color name="search_actionbar_edit_press_color">#26808080</color>
	<color name="setting_sort_time_filter_text_color">#808080</color>
	<color name="uiplus_appbar_bg_graycolor">#33808080</color>
	<color name="uiplus_emui10_white_alpha_20">#33808080</color>
	<color name="uiplus_emui10_white_alpha_30">#4d808080</color>
	<color name="uiplus_emui_white_alpha_20">#33808080</color>
	<color name="uiplus_emui_white_alpha_25">#bf808080</color>
	<color name="uiplus_emui_white_alpha_30">#4d808080</color>
	<color name="uiplus_emui_white_alpha_50">#88080800</color>
	<color name="uiplus_emui_white_alpha_95">#f2808080</color>
	<color name="uiplus_mv_filter_bg">#f2808080</color>
	
</hwthemes>
