<?xml version="1.0" encoding="utf-8"?>
<hwthemes>
	<color name="preference_divider_grey">#00000000</color>
    <color name="contact_dialpad_digits_text">#000000</color>
    <color name="background_change">#00000002</color>
	
	<!--Colors-->
	
	<color name="contact_svg_icon_base_grey_color">#ffffff</color>
	<color name="contact_svg_icon_base_grey_color_b">#80ffffff</color>
	<color name="contact_svg_icon_base_grey_color_c">#ffffff</color>
	<color name="contact_svg_icon_base_green_color">H7_COLOR_DIALER</color>
	<color name="contact_svg_icon_base_green_color_a">H7_COLOR_DIALER</color>
	    
	<color name="contact_svg_icon_sim_grey_color">#80ffffff</color>
	<color name="searchhint_people">H7_COLOR_DIALER</color>
	<color name="list_item_header_text_color">H7_COLOR_DIALER</color>
	<color name="list_item_header_underline_color">H7_COLOR_DIALER</color>
	<color name="call_log_voicemail_status_action_text_color">H7_COLOR_DIALER</color>
	<color name="item_selected">H7_COLOR_DIALER_PRESS</color>
	<color name="call_log_incoming_call_count">H7_COLOR_DIALER</color>
	<color name="call_log_voicemail_call_count">H7_COLOR_DIALER</color>
	<color name="delete_text_color">H7_COLOR_DIALER</color>
	<color name="tianyi_parting_line_color">H7_COLOR_DIALER</color>
	<color name="tianyi_helper_dialog_text_color">H7_COLOR_DIALER</color>
	<color name="contact_highlight_color_pressed">H7_COLOR_DIALER</color>
	<color name="dialer_theme_color">H7_COLOR_DIALER</color>
	<color name="red_icon_color">H7_COLOR_DIALER</color>
	<color name="contact_svg_icon_base_red_color">H7_COLOR_DIALER</color>
	<color name="contact_svg_icon_base_black_color">H7_COLOR_DIALER</color>
	<color name="contact_svg_photo_base_grey_color">#80ffffff</color>
	<color name="contact_svg_photo_base_grey_color_a">#80ffffff</color>
	<color name="contact_svg_photo_base_grey_color_b">#80ffffff</color>
	<color name="contact_svg_photo_base_grey_color_c">#80ffffff</color>
	<color name="contact_svg_photo_base_transparent_color">#338891b9</color>
	<color name="speed_dial_text_shadow_color">H7_COLOR_DIALER</color>
	<color name="people_app_theme_color">H7_COLOR_DIALER</color>
	<color name="dialer_search_highlightcolor">H7_COLOR_DIALER</color>
	<color name="contact_svg_icon_base_blue_color">H7_COLOR_DIALER</color>
	<color name="contact_svg_icon_base_blue_color_a">H7_COLOR_DIALER</color>
	<color name="menu_state_pressed_dark_icon">H7_COLOR_DIALER</color>
	<color name="menu_state_focused_dark_icon">H7_COLOR_DIALER</color>
	<color name="menu_state_selected_dark_icon">H7_COLOR_DIALER</color>
	<color name="menu_state_default_dark_icon">H7_COLOR_DIALER</color>
	<color name="alpha_scroller_text_selected_color">H7_COLOR_DIALER</color>
	<color name="pinned_header_textview_color">H7_COLOR_DIALER</color>
	<color name="speed_dial_name_has_contact_default_color">H7_COLOR_DIALER</color>
	<color name="call_log_button_group_layout_selected_color">H7_COLOR_DIALER_PRESS</color>
	<color name="contact_highlight_color">H7_COLOR_DIALER</color>
	<color name="contact_svg_icon_base_grey_color_a">H7_COLOR_DIALER</color>

</hwthemes>
