<?xml version="1.0" encoding="utf-8"?>
<resources>
    <color name="appgallery_text_color_primary">#99ffffff</color>
    <color name="appgallery_text_color_secondary">#66ffffff</color>
    <color name="black">#ffffffff</color>
    <color name="black_alpha_5">#1affffff</color>
    <color name="emui_accent">H7_ACCENT_COLOR</color>
    <color name="emui_accent_inverse">#H7_ACCENT_COLOR_PRESS</color>
    <color name="emui_accent_pressed">#H7_ACCENT_COLOR_PRESS</color>
    <color name="emui_appbar_bg">H7_ACTIONBAR</color>
    <color name="emui_appbar_subtitle">#66ffffff</color>
    <color name="emui_appbar_title">#a9ffffff</color>
    <color name="emui_black">#ffffffff</color>
    <color name="emui_bottombar_icon_on">H7_ACCENT_COLOR</color>
    <color name="emui_bottombar_text_on">H7_ACCENT_COLOR</color>
    <color name="emui_button_default">#1affffff</color>
    <color name="emui_button_default_disabled">#0affffff</color>
    <color name="emui_card_bg">#ff404040</color>
    <color name="emui_clickeffic_default_color">#19ffffff</color>
    <color name="emui_color_1">#ff4d5ceb</color>
    <color name="emui_color_10">#ffda830b</color>
    <color name="emui_color_11">#ffd49f0f</color>
    <color name="emui_color_2">H7_ACCENT_COLOR</color>
    <color name="emui_color_3">#ff15a5ad</color>
    <color name="emui_color_4">#ff40ae3f</color>
    <color name="emui_color_5">#ff77b40f</color>
    <color name="emui_color_6">#ff923ae4</color>
    <color name="emui_color_7">#ffe20277</color>
    <color name="emui_color_8">#ffed2a2b</color>
    <color name="emui_color_9">#ffe16808</color>
    <color name="emui_color_bg">H7_BACKGRUND</color>
    <color name="emui_color_connected">H7_ACCENT_COLOR</color>
    <color name="emui_color_divider_horizontal">#33ffffff</color>
    <color name="emui_color_fg">#ffffffff</color>
    <color name="emui_color_fg_inverse">#ffe5e5e5</color>
    <color name="emui_color_fg_inverse_disable">#ff616161</color>
    <color name="emui_color_gray_1">H7_ACTIONBAR</color>
    <color name="emui_color_gray_10">#ffe6e6e6</color>
    <color name="emui_color_gray_2">#ff1a1a1a</color>
    <color name="emui_color_gray_3">H7_ACTIONBAR</color>
    <color name="emui_color_gray_4">#ff333333</color>
    <color name="emui_color_gray_5">#4ce6e6e6</color>
    <color name="emui_color_gray_6">#ff666666</color>
    <color name="emui_color_gray_7">#80e6e6e6</color>
    <color name="emui_color_gray_8">#ffb3b3b3</color>
    <color name="emui_color_gray_9">#ffcccccc</color>
    <color name="emui_color_handup">#ffd30003</color>
    <color name="emui_color_list_divider">#33ffffff</color>
    <color name="emui_color_primary">#a9ffffff</color>
    <color name="emui_color_progress">#66ffffff</color>
    <color name="emui_color_secondary">#80ffffff</color>
    <color name="emui_color_spinner_icon">#a9ffffff</color>
    <color name="emui_color_subheader_divider">#0dffffff</color>
    <color name="emui_color_tertiary">#61ffffff</color>
    <color name="emui_color_text_highlight">H7_ACCENT_COLOR_PRESS</color>
    <color name="emui_color_text_primary">#a9ffffff</color>
    <color name="emui_color_text_secondary">#80ffffff</color>
    <color name="emui_color_text_tertiary">#61ffffff</color>
    <color name="emui_color_tips_bg">#f21a1a1a</color>
    <color name="emui_color_warning">#ffba5500</color>
    <color name="emui_control_highlight">#H7_ACCENT_COLOR_PRESS</color>
    <color name="emui_control_normal">#19ffffff</color>
    <color name="emui_control_normal_disabled">#0affffff</color>
    <color name="emui_dialog_bg">#ff404040</color>
    <color name="emui_fab_bg_normal">#H7_ACCENT_COLOR_PRESS</color>
    <color name="emui_fab_bg_pressed">#ff1a7be1</color>
    <color name="emui_functional_blue">H7_ACCENT_COLOR</color>
    <color name="emui_functional_blue_inverse">#ff3f97e9</color>
    <color name="emui_functional_green">#ff3db03d</color>
    <color name="emui_navigationbar_bg">H7_ACTIONBAR</color>
    <color name="emui_primary">#ffe6e6e6</color>
    <color name="emui_primary_inverse">#ffe5e5e5</color>
    <color name="emui_subtab_bg">H7_ACTIONBAR</color>
    <color name="emui_subtab_line_on">H7_ACCENT_COLOR</color>
    <color name="emui_subtab_text_on">H7_ACCENT_COLOR</color>
    <color name="emui_text_disabled">#33ffffff</color>
    <color name="emui_text_highlight_inverse">H7_ACCENT_COLOR_PRESS</color>
    <color name="emui_text_hint">#7fffffff</color>
    <color name="emui_text_primary">#ffffffff</color>
    <color name="emui_toast_bg">#f21a1a1a</color>
    <color name="emui_toolbar_bg">#ff1a1a1a</color>
    <color name="emui_toolbar_icon">#a9ffffff</color>
    <color name="emui_toolbar_icon_actived">H7_ACCENT_COLOR</color>
    <color name="emui_toolbar_text">#a9ffffff</color>
    <color name="emui_toolbar_text_actived">H7_ACCENT_COLOR</color>
    <color name="emui_white">H7_BACKGRUND</color>
    <color name="emui_white_bg">H7_BACKGRUND</color>
    <color name="feedback_sdk_action_bar_grey">#f7262626</color>
    <color name="feedback_sdk_common_black_20">#33ffffff</color>
    <color name="feedback_sdk_common_black_30">#4de6e6e6</color>
    <color name="feedback_sdk_common_black_40">#66ffffff</color>
    <color name="feedback_sdk_common_btn_blue">#ff00aaee</color>
    <color name="feedback_sdk_grid_divider_color">#33e6e6e6</color>
    <color name="feedback_sdk_label_assist_text_color_normal">#80e6e6e6</color>
    <color name="feedback_sdk_label_text_color_normal">#ffe6e6e6</color>
    <color name="feedback_sdk_list_item_hint_text_color_normal">#4de6e6e6</color>
    <color name="feedback_sdk_moreservice_choose_text_color">#80e6e6e6</color>
    <color name="feedback_sdk_moreservice_text_color">#ffe6e6e6</color>
    <color name="feedback_sdk_notice_view_background">H7_BACKGRUND</color>
    <color name="feedback_sdk_notice_view_default_text_color">#80e6e6e6</color>
    <color name="feedback_sdk_notice_view_pad_background">H7_BACKGRUND</color>
    <color name="feedback_sdk_problem_common_type_info_phone">#ff747474</color>
    <color name="feedback_sdk_problem_photo_bg">#ff191919</color>
    <color name="feedback_sdk_problem_question_info_bg">H7_ACTIONBAR</color>
    <color name="feedback_sdk_problem_question_info_or_phone_hint">#ff606060</color>
    <color name="feedback_sdk_problem_question_info_or_phone_text">#ffffffff</color>
    <color name="feedback_sdk_problem_question_number">#ff676767</color>
    <color name="feedback_sdk_problem_recycle_normol_question_type_bg">#33ffffff</color>
    <color name="feedback_sdk_problem_recycle_select_question_type">#ffe6e6e6</color>
    <color name="feedback_sdk_problem_recycle_select_question_type_bg">#ff07507d</color>
    <color name="feedback_sdk_problem_select_question_type">#ffe6e6e6</color>
    <color name="feedback_sdk_problem_submit_normol_bg">#ff04324c</color>
    <color name="feedback_sdk_problem_submit_select_bg">#ff0e9ffc</color>
    <color name="feedback_sdk_problem_submit_text">#ff4f7083</color>
    <color name="feedback_sdk_tab_slider_bg_color_selected">H7_ACCENT_COLOR</color>
    <color name="feedback_sdk_tab_slider_bg_color_selected_50">H7_ACCENT_COLOR_PRESS</color>
    <color name="feedback_sdk_text_normal_black">#99ffffff</color>
    <color name="feedback_sdk_text_normal_black_50">#66ffffff</color>
    <color name="feedback_tab_text_color_selected_20">H7_ACCENT_COLOR_DISABLED</color>
    <color name="feedback_toggle_item_bg_color">#19ffffff</color>
    <color name="hwbutton_color_fg_inverse_disable">#ff616161</color>
    <color name="hwbutton_functional_blue_disable">#613f97e9</color>
    <color name="hwbutton_text_color">#d8ffffff</color>
    <color name="hwbutton_text_disabled">#41ffffff</color>
    <color name="hwbutton_text_emphasize_color">#d8ffffff</color>
    <color name="hwbutton_text_emphasize_disabled">#41ffffff</color>
    <color name="hwcheckbox_accent_off_dark_emui">#33ffffff</color>
    <color name="hwcheckbox_accent_off_disable_dark_emui">#19ffffff</color>
    <color name="hwcheckbox_accent_on_dark_emui">H7_ACCENT_COLOR</color>
    <color name="hwcheckbox_emui_boxedge">#4dffffff</color>
    <color name="hwcheckbox_emui_white_bg">#4d000000</color>
    <color name="hwcheckbox_inner_normal_dark">#80ffffff</color>
    <color name="hwdotspageindicator_emui_gray_2">#ff808080</color>
    <color name="hwdotspageindicator_emui_gray_3">#4ce6e6e6</color>
    <color name="hwdotspageindicator_emui_primary">H7_ACCENT_COLOR</color>
    <color name="hwswitch_accent_emui">H7_ACCENT_COLOR</color>
    <color name="hwswitch_accent_off_dark_emui">#33ffffff</color>
    <color name="hwswitch_accent_on_dark_emui">H7_ACCENT_COLOR</color>
    <color name="hwswitch_bg_off_disable_emui">#ff1f1f1f</color>
    <color name="hwswitch_bg_off_emui">#ff515151</color>
    <color name="hwswitch_off_disable_dark_emui">#19000000</color>
    <color name="hwswitch_thumb_color">#ffe6e6e6</color>
    <color name="hwswitch_thumb_disable_emui">#33ffffff</color>
    <color name="hwswitch_thumb_disable_emui_dark">#33ffffff</color>
    <color name="judge_darktheme_color">#ffffffff</color>
    <color name="white">#ffffffff</color>
    <color name="CS_background">H7_BACKGRUND</color>
    <color name="CS_black">#ffffffff</color>
    <color name="CS_black_100_percent">#ffffffff</color>
    <color name="CS_black_20_percent">#33ffffff</color>
    <color name="CS_black_50_percent">#80ffffff</color>
    <color name="CS_emui_color_gray_10">#ffe6e6e6</color>
    <color name="accent_emui">H7_ACCENT_COLOR</color>
    <color name="accent_emui_dark">H7_ACCENT_COLOR</color>
    <color name="accent_emui_dark_color">#ffffffff</color>
    <color name="accent_emui_emphasize">H7_ACCENT_COLOR</color>
    <color name="accent_emui_emphasize_disabled">H7_ACCENT_COLOR_DISABLED</color>
    <color name="accent_emui_emphasize_pressed">H7_ACCENT_COLOR_PRESS</color>
    <color name="accent_emui_pressed">H7_ACCENT_COLOR_PRESS</color>
    <color name="accent_emui_text_hightlight">H7_ACCENT_COLOR_PRESS</color>
    <color name="accent_emui_text_hightlight_dark">#ffcccccc</color>
    <color name="accent_off_dark_emui">#33ffffff</color>
    <color name="accent_off_disable_dark_emui">#19ffffff</color>
    <color name="accent_off_disable_emui">#33ffffff</color>
    <color name="accent_off_emui">#33ffffff</color>
    <color name="accent_on_dark_emui">H7_ACCENT_COLOR</color>
    <color name="accent_on_disable_dark_emui">H7_ACCENT_COLOR_DISABLED</color>
    <color name="accent_on_disable_emui">H7_ACCENT_COLOR_PRESS</color>
    <color name="action_bar_title_emui">#ffffffff</color>
    <color name="action_bar_title_emui_dark">#ffffffff</color>
    <color name="airplane_color">#ff666666</color>
    <color name="alphaindexer_popup_bg_color">#ffcce5ff</color>
    <color name="alphaindexer_selected_alpha_color">H7_ACCENT_COLOR</color>
    <color name="alphaindexer_selected_alpha_color_dark">#ffffffff</color>
    <color name="alphaindexer_unselected_alpha_color">#ff7c7c7c</color>
    <color name="alphaindexer_unselected_alpha_color_dark">#4cffffff</color>
    <color name="apk_management_cannot_install">H7_ACCENT_COLOR_DISABLED</color>
    <color name="app_detail_video_status_current_time_color">#cdffffff</color>
    <color name="app_not_safe_textcolor">#fffb6522</color>
    <color name="app_zone_navigator_textcolor">#bfffffff</color>
    <color name="appcomment_backgound_gray">H7_BACKGRUND</color>
    <color name="appcomment_black_20">#80ffffff</color>
    <color name="appcomment_default_bg">H7_ACTIONBAR</color>
    <color name="appcommon_mine_sub_divider_color">H7_ACTIONBAR</color>
    <color name="appdetail_label_default_bg">#33ffffff</color>
    <color name="appdetail_label_pressed_bg">#4dffffff</color>
    <color name="appgallery_card_color_default_background">#19ffffff</color>
    <color name="appgallery_color_card_stroke_normal">#33ffffff</color>
    <color name="appgallery_color_card_stroke_on_clicked">#1affffff</color>
    <color name="appgallery_text_color_tertiary">#61ffffff</color>
    <color name="approve_text_color">H7_ACCENT_COLOR</color>
    <color name="backgound_0064cc">H7_ACCENT_COLOR_PRESS</color>
    <color name="backgound_fcfcfc">H7_BACKGRUND</color>
    <color name="backgound_gray">H7_BACKGRUND</color>
    <color name="bigbuoy_backgroud">H7_BACKGRUND</color>
    <color name="black_10_percent_wisedist">#26ffffff</color>
    <color name="black_20_percent">#80ffffff</color>
    <color name="black_alpha30">#4cffffff</color>
    <color name="black_alpha_03">H7_BACKGRUND</color>
    <color name="black_alpha_15">#26ffffff</color>
    <color name="black_alpha_3">#ff141414</color>
    <color name="black_alpha_75">#bfffffff</color>
    <color name="black_alpha_8">#ff333333</color>
    <color name="black_status_bar">H7_BACKGRUND</color>
    <color name="blue_text_007dff">H7_ACCENT_COLOR</color>
    <color name="blue_text_007dff_alpha_20">H7_ACCENT_COLOR_DISABLED</color>
    <color name="blue_text_007dff_subtab">H7_ACCENT_COLOR</color>
    <color name="bright_foreground_disabled_holo_dark_emui">#ff4c4c4c</color>
    <color name="bright_foreground_emui">#fff3f3f3</color>
    <color name="bright_foreground_holo_dark_emui">#ffffffff</color>
    <color name="bubble_tips_bg_color">#f2b3b3b3</color>
    <color name="buoy_webview_bg">#ffffffff</color>
    <color name="button_text_color">H7_ACCENT_COLOR</color>
    <color name="c_black">#ffffffff</color>
    <color name="c_feedback_question_color">#ff012e5d</color>
    <color name="card_intro_savetraffic">#ff5bb755</color>
    <color name="cardview_stroke">#0dffffff</color>
    <color name="category_button_select_unpressed">H7_ACCENT_COLOR</color>
    <color name="category_button_unselect">#ff3e3e3e</color>
    <color name="change_submit_btn_bg">#05ffffff</color>
    <color name="change_submit_btn_pressed_bg">#0cffffff</color>
    <color name="check_box_edit_text_normal_bg_color">#ffffffff</color>
    <color name="checkbox_inner_disable_dark">#33ffffff</color>
    <color name="checkbox_inner_normal_dark">#80ffffff</color>
    <color name="clone_app_mark_bg_color">H7_ACCENT_COLOR</color>
    <color name="colorful_emui">#00000000</color>
    <color name="comment_num_error">#ffff3320</color>
    <color name="content_score_color">#ffffba1b</color>
    <color name="design_textinput_error_color">#ffff3320</color>
    <color name="detail_comment_approve_selected">H7_ACCENT_COLOR</color>
    <color name="detail_comment_list_reply_item_time_color">#7f000000</color>
    <color name="detail_comment_progress_color">#1affffff</color>
    <color name="detail_comment_user_level_titel_color">#ffec7251</color>
    <color name="detail_dowanload_button_background">#ff0072d6</color>
    <color name="detail_dowanload_progressbar_background">H7_ACCENT_COLOR_PRESS</color>
    <color name="detail_dowanload_progressbar_color">H7_ACCENT_COLOR</color>
    <color name="detail_download_button_content_normal">#ffffffff</color>
    <color name="detail_downloadbutton_processing">#4d0d9ffb</color>
    <color name="detail_line_background">#33ffffff</color>
    <color name="detail_navigator_normal">#bfffffff</color>
    <color name="detail_navigator_selected">H7_ACCENT_COLOR</color>
    <color name="detail_navigator_selected_split">#590d9ffb</color>
    <color name="devider_e3e3e3">#33ffffff</color>
    <color name="dialog_title">#ffffffff</color>
    <color name="dim_foreground_disabled_emui">#80bebebe</color>
    <color name="dim_foreground_disabled_holo_dark_emui">#80bebebe</color>
    <color name="dim_foreground_emui">#ffbebebe</color>
    <color name="dim_foreground_holo_dark_emui">#80ffffff</color>
    <color name="dim_foreground_inverse_emui">H7_ACTIONBAR</color>
    <color name="disable_touch_text_color">#ffffffff</color>
    <color name="disable_touch_translucent">#e0000000</color>
    <color name="divider_horizontal_color_dark_emui">#33ffffff</color>
    <color name="divider_horizontal_color_emui">#33ffffff</color>
    <color name="edittext_cancel_hint_press_color">H7_ACCENT_COLOR</color>
    <color name="edittext_hint_color">#33ffffff</color>
    <color name="edittext_hint_press_color">#26ffffff</color>
    <color name="emui_background_light">#f2333333</color>
    <color name="emui_basetitle_color">H7_ACTIONBAR</color>
    <color name="emui_black_color_alpha_10">#19000000</color>
    <color name="emui_black_color_alpha_100">H7_BACKGRUND</color>
    <color name="emui_black_color_alpha_20">#33000000</color>
    <color name="emui_black_color_alpha_3">#0d000000</color>
    <color name="emui_black_color_alpha_40">#66000000</color>
    <color name="emui_black_color_alpha_5">#0d000000</color>
    <color name="emui_black_color_alpha_50">#80000000</color>
    <color name="emui_black_color_alpha_60">#99000000</color>
    <color name="emui_black_color_alpha_75">#c0000000</color>
    <color name="emui_blue_dark">#ff0099cc</color>
    <color name="emui_blue_light">#ff0a9dcd</color>
    <color name="emui_bright_foreground_dark_disabled">#33000000</color>
    <color name="emui_bright_foreground_light">H7_BACKGRUND</color>
    <color name="emui_bright_foreground_light_inverse">#ffffffff</color>
    <color name="emui_bright_foreground_light_inverse_alpha">#8fffffff</color>
    <color name="emui_button_text_color">#ffffffff</color>
    <color name="emui_button_text_color_inverse">#d8ffffff</color>
    <color name="emui_button_text_disabled">#33ffffff</color>
    <color name="emui_button_text_disabled_inverse">#41ffffff</color>
    <color name="emui_button_text_emphasize_color">#d8ffffff</color>
    <color name="emui_button_text_emphasize_disabled">#41ffffff</color>
    <color name="emui_button_text_pressed_inverse">#d8ffffff</color>
    <color name="emui_custom_panel_background">H7_BACKGRUND</color>
    <color name="emui_detail_text_pressed">H7_ACCENT_COLOR</color>
    <color name="emui_detail_text_selected">#ffffffff</color>
    <color name="emui_dialog_blue_light">#ff0a9dcd</color>
    <color name="emui_dialog_title_text_Color">#ffffffff</color>
    <color name="emui_edit_text_hint_color">#33ffffff</color>
    <color name="emui_fab_pressed">#ffcccccc</color>
    <color name="emui_gray_2_translucent">#80ffffff</color>
    <color name="emui_green_dark">#ff669900</color>
    <color name="emui_green_light">#ff99cc00</color>
    <color name="emui_highlighted_text">H7_ACCENT_COLOR_PRESS</color>
    <color name="emui_hint_foreground">#33ffffff</color>
    <color name="emui_label_primary_text">#ffffffff</color>
    <color name="emui_list_dark_default">#ffffffff</color>
    <color name="emui_list_dark_disabled">#33ffffff</color>
    <color name="emui_list_primary_default">#ffffffff</color>
    <color name="emui_list_secondary_text_dark">#80ffffff</color>
    <color name="emui_list_secondray_text">#ffffffff</color>
    <color name="emui_list_separator_dark_default">#c0ffffff</color>
    <color name="emui_list_separator_default">#bfffffff</color>
    <color name="emui_listitem_text_color">#80ffffff</color>
    <color name="emui_master_color_0">#ffffffff</color>
    <color name="emui_master_color_1">#ffbdddff</color>
    <color name="emui_master_color_10">#ff003166</color>
    <color name="emui_master_color_11">H7_BACKGRUND</color>
    <color name="emui_master_color_2">#ff85c1ff</color>
    <color name="emui_master_color_3">#ff3d9cff</color>
    <color name="emui_master_color_4">#ff1f8dff</color>
    <color name="emui_master_color_5">H7_ACCENT_COLOR</color>
    <color name="emui_master_color_6">#ff006ee0</color>
    <color name="emui_master_color_7">#ff005fc2</color>
    <color name="emui_master_color_8">#ff0050a3</color>
    <color name="emui_master_color_9">#ff004185</color>
    <color name="emui_master_color_alert">#ffff3320</color>
    <color name="emui_master_color_incoming_call">#ff00d659</color>
    <color name="emui_master_color_mark_0">#ff10ddec</color>
    <color name="emui_master_color_mark_0_alpha_20">#3310ddec</color>
    <color name="emui_master_color_mark_0_alpha_70">#b310ddec</color>
    <color name="emui_master_color_mark_1">#ff01c1f2</color>
    <color name="emui_master_color_mark_10">#ff00d659</color>
    <color name="emui_master_color_mark_10_alpha_20">#3300d659</color>
    <color name="emui_master_color_mark_10_alpha_70">#b300d659</color>
    <color name="emui_master_color_mark_11">#ff00d796</color>
    <color name="emui_master_color_mark_11_alpha_20">#3300d796</color>
    <color name="emui_master_color_mark_11_alpha_70">#b300d796</color>
    <color name="emui_master_color_mark_1_alpha_20">#3301c1f2</color>
    <color name="emui_master_color_mark_1_alpha_70">#b301c1f2</color>
    <color name="emui_master_color_mark_2">#ff0d82fb</color>
    <color name="emui_master_color_mark_2_alpha_20">#330d82fb</color>
    <color name="emui_master_color_mark_2_alpha_70">#b30d82fb</color>
    <color name="emui_master_color_mark_3">#ffcf21ff</color>
    <color name="emui_master_color_mark_3_alpha_20">#33cf21ff</color>
    <color name="emui_master_color_mark_3_alpha_70">#b3cf21ff</color>
    <color name="emui_master_color_mark_4">#ffff2294</color>
    <color name="emui_master_color_mark_4_alpha_20">#33ff2294</color>
    <color name="emui_master_color_mark_4_alpha_70">#b3ff2294</color>
    <color name="emui_master_color_mark_5">#ffff3320</color>
    <color name="emui_master_color_mark_5_alpha_20">#33ff3320</color>
    <color name="emui_master_color_mark_5_alpha_70">#b3ff3320</color>
    <color name="emui_master_color_mark_6">#fffb6522</color>
    <color name="emui_master_color_mark_6_alpha_20">#33fb6522</color>
    <color name="emui_master_color_mark_6_alpha_70">#b3fb6522</color>
    <color name="emui_master_color_mark_7">#ffffba1b</color>
    <color name="emui_master_color_mark_7_alpha_20">#33ffba1b</color>
    <color name="emui_master_color_mark_7_alpha_70">#b3ffba1b</color>
    <color name="emui_master_color_mark_8">#ffffdc1a</color>
    <color name="emui_master_color_mark_8_alpha_20">#33ffdc1a</color>
    <color name="emui_master_color_mark_8_alpha_70">#b3ffdc1a</color>
    <color name="emui_master_color_mark_9">#ffd8fa55</color>
    <color name="emui_master_color_mark_9_alpha_20">#33d8fa55</color>
    <color name="emui_master_color_mark_9_alpha_70">#b3d8fa55</color>
    <color name="emui_message_text_color">#ffffffff</color>
    <color name="emui_nodata">H7_BACKGRUND</color>
    <color name="emui_numberpicker_normal_textcolor">#80ffffff</color>
    <color name="emui_numberpicker_normal_textcolor_dark">#d9ffffff</color>
    <color name="emui_numberpicker_select_textcolor">#ff12d4dc</color>
    <color name="emui_numberpicker_small_textcolor">#80ffffff</color>
    <color name="emui_numberpicker_small_textcolor_dark">#7bffffff</color>
    <color name="emui_popmenu_text_color">#cc000000</color>
    <color name="emui_pressed">#ff1162af</color>
    <color name="emui_primary_text_dark_disabled">#33000000</color>
    <color name="emui_progressbar_loading_fill_color">H7_ACCENT_COLOR</color>
    <color name="emui_searchview_text_color">#ffffffff</color>
    <color name="emui_searchview_text_color_dark">#ffffffff</color>
    <color name="emui_searchview_text_hint_color">#33ffffff</color>
    <color name="emui_searchview_text_hint_color_dark">#33ffffff</color>
    <color name="emui_secondary_text_dark">#80ffffff</color>
    <color name="emui_secondary_text_dark_disabled">#33ffffff</color>
    <color name="emui_spinner_dropdown_item_default_dark">#d8000000</color>
    <color name="emui_spinner_dropdown_item_default_emphasize">#ffffffff</color>
    <color name="emui_spinner_dropdown_item_disabled_dark">#3f000000</color>
    <color name="emui_spinner_dropdown_item_disabled_emphasize">#3fffffff</color>
    <color name="emui_spinner_dropdown_item_pressed_dark">#6b000000</color>
    <color name="emui_spinner_dropdown_item_pressed_emphasize">#ffffffff</color>
    <color name="emui_spinner_item_default">#d8ffffff</color>
    <color name="emui_spinner_item_default_dark">#ffffffff</color>
    <color name="emui_spinner_item_disabled">#33ffffff</color>
    <color name="emui_spinner_item_disabled_dark">#33ffffff</color>
    <color name="emui_spinner_item_pressed">#6bffffff</color>
    <color name="emui_spinner_item_pressed_dark">#ffcccccc</color>
    <color name="emui_svg_icon_dark_default">#33ffffff</color>
    <color name="emui_svg_icon_dark_disabled">#33ffffff</color>
    <color name="emui_svg_icon_light_default">#33ffffff</color>
    <color name="emui_svg_icon_light_disabled">#33ffffff</color>
    <color name="emui_tab_title_off">#99333333</color>
    <color name="emui_tab_title_on">#ffffffff</color>
    <color name="emui_text_dark">#ffffffff</color>
    <color name="emui_text_inverse_disable_light">#ffb2b2b2</color>
    <color name="emui_text_light">#ffffffff</color>
    <color name="emui_time_axis_info_default">#7f000000</color>
    <color name="emui_white_dialog_bg">#ff333333</color>
    <color name="essentialapp_black">#ffffffff</color>
    <color name="fastapp_black">#ffffffff</color>
    <color name="fastapp_blue_text_007dff">H7_ACCENT_COLOR</color>
    <color name="fastapp_half_black">#ffffffff</color>
    <color name="forum_black_20_percent">#80ffffff</color>
    <color name="forum_post_tips_bg_color">#4dffd796</color>
    <color name="forum_post_tips_text_color">#ffab6600</color>
    <color name="forum_section_head_icon_second_change_color">#ffffffff</color>
    <color name="forum_section_head_statusbar_second_change_color">H7_BACKGRUND</color>
    <color name="forum_section_head_title_second_change_color">#ffffffff</color>
    <color name="forum_section_msgcount_color">#ffe6e6e6</color>
    <color name="forum_stamp_moderator_bg">#4d0d9ffb</color>
    <color name="get_score_title_color">#ff777777</color>
    <color name="grade_description_white">#33ffffff</color>
    <color name="green_text_28c0c6">H7_ACCENT_COLOR</color>
    <color name="half_black">#80ffffff</color>
    <color name="hiappbase_navigation_bar">H7_ACTIONBAR</color>
    <color name="hiappbase_refreshcard_select_bg">#08ffffff</color>
    <color name="hiappbase_status_bar">H7_BACKGRUND</color>
    <color name="hottopic_card_bg">#33ffffff</color>
    <color name="huawei_brand_color">H7_ACCENT_COLOR</color>
    <color name="hw_ampm_off">#ff404040</color>
    <color name="hw_ampm_on">#ffffffff</color>
    <color name="hw_black">H7_BACKGRUND</color>
    <color name="hw_black_a">#ffbebebe</color>
    <color name="hw_black_b">#ffffffff</color>
    <color name="hw_button_text">H7_BACKGRUND</color>
    <color name="hw_canvas_color">#a5fe9a31</color>
    <color name="hw_color">#ffffffff</color>
    <color name="hw_color_inverse">H7_BACKGRUND</color>
    <color name="hw_dkgray">#ffe0e0e0</color>
    <color name="hw_emergency_dialer_bg">H7_BACKGRUND</color>
    <color name="hw_gray_a">#ffffffff</color>
    <color name="hw_gray_b">#ffbebebe</color>
    <color name="hw_gray_c">#ffa0a0a0</color>
    <color name="hw_gray_d">#ff505050</color>
    <color name="hw_handle_color">H7_ACCENT_COLOR</color>
    <color name="hw_ltgrey">#ffe0e0e0</color>
    <color name="hw_mainmenu_focused">#ffff8e00</color>
    <color name="hw_mainmenu_pressed">#ffffc300</color>
    <color name="hw_mauve_a">#ffff8a00</color>
    <color name="hw_menu_icon_focused">#ffed6e00</color>
    <color name="hw_menu_icon_pressed">#ffeaa300</color>
    <color name="hw_read_bgcolor">H7_BACKGRUND</color>
    <color name="hw_title_header_background">#ff212121</color>
    <color name="hw_title_header_text">#ffbebebe</color>
    <color name="hw_unread_bgcolor">#ff404040</color>
    <color name="hw_white">#ffffffff</color>
    <color name="hwalphaindexerlistview_inactive_color">#ff808080</color>
    <color name="hwalphaindexerlistview_popup_text_color">#ffe6e6e6</color>
    <color name="hwalphaindexerlistview_select_color">H7_ACCENT_COLOR</color>
    <color name="hwbottomnavigationview_bg">H7_ACTIONBAR</color>
    <color name="hwcard_footer_bg_color">#0dffffff</color>
    <color name="hwcheckbox_inner_checked_mark">#ffe6e6e6</color>
    <color name="hwcheckbox_off_mask">H7_BACKGRUND</color>
    <color name="hwdownload_button_text_emphasize_color">#d8ffffff</color>
    <color name="hwdownload_button_text_emphasize_disabled">#41ffffff</color>
    <color name="hwdownload_color">H7_ACCENT_COLOR</color>
    <color name="hwedit_emui_black_color_alpha_30">#4ce6e6e6</color>
    <color name="hwedit_emui_edit_text_hint_color">#33ffffff</color>
    <color name="hwsearchview_accent_emui_pressed">H7_ACCENT_COLOR_PRESS</color>
    <color name="hwsearchview_emui_text_dark">#ffffffff</color>
    <color name="hwsearchview_emui_text_disabled">#33ffffff</color>
    <color name="hwsearchview_emui_text_hint">#4dffffff</color>
    <color name="hwseekbar_scale_color">#33ffffff</color>
    <color name="hwspinner_accent_emui_dark">H7_ACCENT_COLOR</color>
    <color name="hwspinner_accent_emui_emphasize">H7_ACCENT_COLOR</color>
    <color name="hwspinner_accent_emui_emphasize_disabled">H7_ACCENT_COLOR_DISABLED</color>
    <color name="hwspinner_accent_emui_emphasize_pressed">H7_ACCENT_COLOR_PRESS</color>
    <color name="hwspinner_accent_emui_text_hightlight_dark">#ffcccccc</color>
    <color name="hwspinner_dropdown_item_default_dark">#d8000000</color>
    <color name="hwspinner_dropdown_item_default_emphasize">#ffffffff</color>
    <color name="hwspinner_dropdown_item_disabled_dark">#3f000000</color>
    <color name="hwspinner_dropdown_item_disabled_emphasize">#3fffffff</color>
    <color name="hwspinner_dropdown_item_pressed_dark">#6b000000</color>
    <color name="hwspinner_dropdown_item_pressed_emphasize">#ffffffff</color>
    <color name="hwspinner_emui_master_color_0">#ffffffff</color>
    <color name="hwspinner_emui_text_dark">#ffffffff</color>
    <color name="hwspinner_emui_text_disabled">#33ffffff</color>
    <color name="hwspinner_item_default">#d8ffffff</color>
    <color name="hwspinner_item_default_dark">#ffffffff</color>
    <color name="hwspinner_item_disabled">#33ffffff</color>
    <color name="hwspinner_item_disabled_dark">#33ffffff</color>
    <color name="hwspinner_item_pressed">#6bffffff</color>
    <color name="hwspinner_item_pressed_dark">#ffcccccc</color>
    <color name="hwtoolbar_background">H7_ACTIONBAR</color>
    <color name="hwtoolbar_background_translucent">#00ffffff</color>
    <color name="hwtoolbar_menu_clicked_emui">H7_ACCENT_COLOR</color>
    <color name="hwtoolbar_menu_clicked_emui_translucent">#33ffffff</color>
    <color name="hwtoolbar_splitbackground">#ff0d0d0d</color>
    <color name="hwtoolbar_splitbackground_translucent">#00ffffff</color>
    <color name="ic_searchview_color_emui">#ffffffff</color>
    <color name="ic_searchview_color_emui_dark">#ffffffff</color>
    <color name="item_desc_gray">#80ffffff</color>
    <color name="itemtext_remind_color">#ff8acb55</color>
    <color name="list_background">H7_BACKGRUND</color>
    <color name="list_dialog_selected">#ffe0e0e0</color>
    <color name="list_dialog_unselected">H7_BACKGRUND</color>
    <color name="list_item_normal">#b30337d0</color>
    <color name="list_selector_F9F9F9">#ff202020</color>
    <color name="lock_pattern_view_regular_color_emui">#ffc9c9c9</color>
    <color name="lock_pattern_view_success_color_emui">#ffc9c9c9</color>
    <color name="media_show_image_activity_00000000">#00000000</color>
    <color name="media_show_image_activity_80000000">#80ffffff</color>
    <color name="media_video_grid_child_item_000000">#ffffffff</color>
    <color name="media_video_grid_child_item_80FFFFFF">#80ffffff</color>
    <color name="media_video_grid_child_item_ffffff">#ffffffff</color>
    <color name="menuitem_default_checkedcolor">#99ffffff</color>
    <color name="menuitem_default_checkedcolor_disabled">#33ffffff</color>
    <color name="menuitem_default_checkedcolor_pressed">#ffffffff</color>
    <color name="menuitem_default_dark_checkedcolor">#b2ffffff</color>
    <color name="menuitem_default_dark_checkedcolor_disabled">#36ffffff</color>
    <color name="menuitem_default_dark_checkedcolor_pressed">#59ffffff</color>
    <color name="menuitem_default_dark_uncheckedcolor">#b2ffffff</color>
    <color name="menuitem_default_dark_uncheckedcolor_disabled">#36ffffff</color>
    <color name="menuitem_default_dark_uncheckedcolor_pressed">#59ffffff</color>
    <color name="menuitem_default_uncheckedcolor">#99ffffff</color>
    <color name="menuitem_default_uncheckedcolor_disabled">#33ffffff</color>
    <color name="menuitem_default_uncheckedcolor_pressed">#80ffffff</color>
    <color name="more_btn_bg_normal">#00000000</color>
    <color name="more_btn_bg_pressed">#fff5f5f5</color>
    <color name="mw_divide_bg">H7_ACCENT_COLOR</color>
    <color name="mw_trans_bg">#00000000</color>
    <color name="mw_translucent_dark_bg">#7f000000</color>
    <color name="my_actionbar_title_color">#ffdddddd</color>
    <color name="navigationbar_emui_dark">#00000000</color>
    <color name="navigationbar_emui_light">H7_BACKGRUND</color>
    <color name="navigationbar_emui_light_line">#1a000000</color>
    <color name="network_remind_bar_color">#ff4b0d0e</color>
    <color name="normal_protocol_hyperlink">H7_ACCENT_COLOR_PRESS</color>
    <color name="oobe_free">#61e6e6e6</color>
    <color name="oobe_install_while_no_app_selected">#61e6e6e6</color>
    <color name="oobe_permission_while_no_app_selected">#ffaddaf5</color>
    <color name="overflow_list_view_divider_color">#33ffffff</color>
    <color name="pay_score_color">#ffec7251</color>
    <color name="personal_item_player_user_000000">#ffffffff</color>
    <color name="press_protocol_hyperlink">H7_ACCENT_COLOR</color>
    <color name="pressure_tip_text_color">#d8ffffff</color>
    <color name="primary_emui_dark">#00000000</color>
    <color name="primary_emui_light">H7_BACKGRUND</color>
    <color name="primary_text_emui">#ffffffff</color>
    <color name="privacy_text_color">H7_ACCENT_COLOR</color>
    <color name="prize_dlg_color">#ff610a5f</color>
    <color name="push_app_size_color">#ffc0c0c0</color>
    <color name="radiobutton_inner_disable_dark">#33ffffff</color>
    <color name="radiobutton_inner_normal_dark">#ffffffff</color>
    <color name="score_item_score_color">#ffff934b</color>
    <color name="search_bar_color_normal">#33ffffff</color>
    <color name="search_bar_color_pressed">#33ffffff</color>
    <color name="search_bar_color_shadow">#3affffff</color>
    <color name="search_bar_edit_text_bg_color">#33ffffff</color>
    <color name="search_bar_edit_text_normal_bg_color">#ff393939</color>
    <color name="search_bar_normal_color_normal">#1affffff</color>
    <color name="search_bar_normal_color_pressed">#33ffffff</color>
    <color name="search_bar_normal_color_shadow">#3affffff</color>
    <color name="search_btn_color_normal">#ffffffff</color>
    <color name="search_btn_normal_color_normal">#26ffffff</color>
    <color name="search_edittext_hint_color">#4cffffff</color>
    <color name="search_edittext_input_color">#d9ffffff</color>
    <color name="search_edittext_press_color">#26ffffff</color>
    <color name="search_label_color">#33ffffff</color>
    <color name="search_panel_circle_color">#ffffffff</color>
    <color name="search_panel_ripple_color">#ffbbbbbb</color>
    <color name="search_tip_normal_color">#33ffffff</color>
    <color name="search_title_background">H7_BACKGRUND</color>
    <color name="secondary_text_emui">#7fe6e6e6</color>
    <color name="selected_text_item">H7_ACCENT_COLOR</color>
    <color name="setting_bg_color">H7_BACKGRUND</color>
    <color name="share_bg">#ff333333</color>
    <color name="small_post_item_title_color">#da000000</color>
    <color name="sub_tab_title_normal_emui">#80ffffff</color>
    <color name="sub_tab_title_normal_emui_dark">H7_ACCENT_COLOR</color>
    <color name="sub_tab_title_normal_emui_emphasize">#bfffffff</color>
    <color name="sub_tab_title_normal_pressed_emui">#80ffffff</color>
    <color name="sub_tab_title_normal_pressed_emui_dark">#590d9ffb</color>
    <color name="sub_tab_title_normal_pressed_emui_emphasize">#bfffffff</color>
    <color name="sub_tab_title_selected_emui">H7_ACCENT_COLOR</color>
    <color name="sub_tab_title_selected_emui_dark">#ffffffff</color>
    <color name="sub_tab_title_selected_emui_emphasize">H7_ACCENT_COLOR_PRESS</color>
    <color name="sub_tab_title_selected_pressed_emui">H7_ACCENT_COLOR</color>
    <color name="sub_tab_title_selected_pressed_emui_dark">#80ffffff</color>
    <color name="sub_tab_title_selected_pressed_emui_emphasize">H7_ACCENT_COLOR_PRESS</color>
    <color name="switch_bg_off_disable_emui">#ff1f1f1f</color>
    <color name="switch_bg_off_emui">#ff515151</color>
    <color name="switch_off_disable_dark_emui">#19000000</color>
    <color name="switch_on_disable_dark_emui">H7_ACCENT_COLOR_DISABLED</color>
    <color name="switch_thumb_disable_emui">#33ffffff</color>
    <color name="switch_thumb_disable_emui_dark">#33ffffff</color>
    <color name="switch_thumb_emui">#ffffffff</color>
    <color name="switch_thumb_emui_dark">#ffffffff</color>
    <color name="tab_background">#ff2c9195</color>
    <color name="tab_background_emui5">H7_BACKGRUND</color>
    <color name="tab_bg_normal_def">H7_BACKGRUND</color>
    <color name="tab_bg_normal_def_sd">H7_BACKGRUND</color>
    <color name="tab_bg_normal_emui">H7_BACKGRUND</color>
    <color name="tab_bg_normal_emui_dark">#26ffffff</color>
    <color name="tab_bg_normal_emui_emphasize">H7_ACTIONBAR</color>
    <color name="tab_bg_normal_imm">#01000000</color>
    <color name="tab_line_bg_def">#33ffffff</color>
    <color name="tab_line_bg_imm">#00000000</color>
    <color name="tab_selected_line_def">H7_ACCENT_COLOR</color>
    <color name="tab_selected_line_imm">#ffffffff</color>
    <color name="tab_text_click">#ffffffff</color>
    <color name="tab_text_normal_def">#ffffffff</color>
    <color name="tab_text_normal_imm">#ffffffff</color>
    <color name="tab_text_selected_def">H7_ACCENT_COLOR</color>
    <color name="tab_text_selected_def_honor">H7_ACCENT_COLOR</color>
    <color name="tab_text_selected_imm">#ffffffff</color>
    <color name="tab_title_normal_emui">#ffffffff</color>
    <color name="tab_title_normal_emui_dark">#ffffffff</color>
    <color name="tab_title_normal_emui_emphasize">#ffffffff</color>
    <color name="tab_title_normal_pressed_emui">#ffffffff</color>
    <color name="tab_title_normal_pressed_emui_dark">#ffffffff</color>
    <color name="tab_title_normal_pressed_emui_emphasize">#80ffffff</color>
    <color name="tab_title_selected_emui">H7_ACCENT_COLOR</color>
    <color name="tab_title_selected_emui_dark">H7_ACCENT_COLOR</color>
    <color name="tab_title_selected_emui_emphasize">H7_ACCENT_COLOR</color>
    <color name="tab_title_selected_pressed_emui">H7_ACCENT_COLOR</color>
    <color name="tab_title_selected_pressed_emui_dark">#80ffffff</color>
    <color name="tab_title_selected_pressed_emui_emphasize">H7_ACCENT_COLOR</color>
    <color name="textColor_dialer_highlight">#fff6d705</color>
    <color name="text_app_no_adapt">#ffff3320</color>
    <color name="text_search_app">#ff00d796</color>
    <color name="theme_style">#ff000001</color>
    <color name="tips_content_color">#ffcccccc</color>
    <color name="title_black">#ffffffff</color>
    <color name="title_green">H7_ACCENT_COLOR</color>
    <color name="title_green_alfpercent_15">#260d9ffb</color>
    <color name="title_green_alfpercent_5">#0d0d9ffb</color>
    <color name="title_green_click">#ff26b6bc</color>
    <color name="title_name_black">#ffffffff</color>
    <color name="toggle_button_off_bg_color_emui">#ff202020</color>
    <color name="toggle_button_off_bg_color_emui_dark">#ffffffff</color>
    <color name="toggle_button_on_bg_color_emui_dark">#ffffffff</color>
    <color name="uninstall_bg_color">#80ffffff</color>
    <color name="uninstall_color">#ffffffff</color>
    <color name="update_notification_background">#ffafabb4</color>
    <color name="update_tips_red">#ffff3320</color>
    <color name="updatemanager_blue_text_007dff_alpha_20">H7_ACCENT_COLOR_DISABLED</color>
    <color name="url_background">#00000000</color>
    <color name="url_line_color">#20ffffff</color>
    <color name="url_txt_color">#85ffffff</color>
    <color name="url_txt_color_normal">#30ffffff</color>
    <color name="voicemail_background_theme">H7_BACKGRUND</color>
    <color name="volumepanel_text_color">#a6ffffff</color>
    <color name="wallet_sdk_black_a_BF">#bfffffff</color>
    <color name="wallet_sdk_black_message">#7fffffff</color>
    <color name="wallet_sdk_black_title">#ffffffff</color>
    <color name="wallet_sdk_brandcolor">H7_ACCENT_COLOR</color>
    <color name="wallet_sdk_hwpay_bg_color">H7_BACKGRUND</color>
    <color name="wallet_sdk_primarycolor">#ffffffff</color>
    <color name="wallet_sdk_white">H7_BACKGRUND</color>
    <color name="white_status_bar">H7_BACKGRUND</color>
    <color name="white_text_7c7c7c">#ffffffff</color>
    <color name="wisedist_fragment_bg">H7_BACKGRUND</color>
    <color name="wish_image_stroke_select_nor_color">#33ffffff</color>
    <color name="wlanzone_half_black">#80ffffff</color>
    <color name="wlanzone_itemtext_remind_color">#ff8acb55</color>
    <color name="wlanzone_title_name_black">#ffffffff</color>
    <color name="wlanzone_transparent">#00000000</color>
    <color name="xh_item_7f000000">#7fffffff</color>
    <color name="xh_item_ff000000">#ffffffff</color>
</resources>
