<?xml version="1.0" encoding="utf-8"?>
<resources>
    <color name="red">#ffd43e25</color>
    <color name="white">#FFFFFF</color>
    <color name="half_white">#7fffffff</color>
    <color name="eight_white">#ccffffff</color>
    <color name="pury_white">#ffffff</color>
    <color name="black">#FFFFFF</color>
    <color name="grid_divide_line">#26ffffff</color>
    <color name="list_divide_line">#33182233</color>
    <color name="gray">#999999</color>
    <color name="text_color_now">H7_ACCENT_COLOR</color>
    <color name="remotecontroller_background">#7f202125</color>
    <color name="brandlist_brandname_color">#D8ffffff</color>
    <!-- dialog text mesaage color -->
    <color name="dialog_text_message_color">H7_BACKGROUND</color>
    <color name="dialog_text_message_color">#FFFFFF</color>
    <color name="background_trasparent">#00000000</color>
    <color name="noti_black_font">#ffffff</color>
    <color name="emui_grey_6">#F2F2F2</color>
    <color name="btn_normal_grey">#4DFFFFFF</color>
    <color name="btn_press_grey">#f2f2f2</color>
    <color name="btn_stroke_grey">#cccccc</color>
    <color name="btn_disable_grey">#f2f2f2</color>
    <color name="grey_title">#1a1a1a</color>
    <color name="disable_driver">#00000000</color>
    <color name="epg_bg">H7_BACKGROUND_PRESS</color>
    <color name="white01">H7_BACKGROUND</color>
    <color name="black01">#FFFFFF</color>
    <color name="tab_grey">H7_ACTIONBAR</color>
    <color name="half_white01">#33ffffff</color>
    <color name="bg_search">#26ffffff</color>
    <color name="half_black">#80ffffff</color>
    <color name="half_black01">#4Dffffff</color>
	
	
	<color name="tab_grey_remote">H7_ACTIONBAR</color>

</resources>