<?xml version="1.0" encoding="UTF-8"?><MIUI_Theme_Values template="DarkTemplate">


	<color name="IME_item_highlight">H7_ACCENT_COLOR</color>
	<color name="accent_color_dark">H7_ACCENT_COLOR</color>
	<color name="accent_color_light">H7_ACCENT_COLOR</color>
	<color name="action_bar_overlay_mask_color_dark">H7_ACTIONBAR</color>
	<color name="action_bar_overlay_mask_color_light">H7_ACTIONBAR</color>
	<color name="action_bar_overlay_mask_color_oled_dark">H7_ACTIONBAR</color>
	<color name="action_bar_subtitle_text_light">H7_ACTIONBAR</color>
	<color name="action_bar_tab_settings_text_color_pressed_light">H7_ACTIONBAR</color>
	<color name="action_bar_tab_settings_text_color_selected_light">H7_ACTIONBAR</color>
	<color name="action_bar_title_settings_text_color_light">H7_ACTIONBAR</color>
	<color name="action_mode_title_default_button_text_color_disable_light">H7_ACTIONBAR</color>
	<color name="action_mode_title_default_button_text_color_normal_light">H7_ACTIONBAR</color>
	<color name="action_mode_title_default_button_text_color_pressed_light">H7_ACTIONBAR</color>
	<color name="alphabet_indexer_activated_text_color">H7_ACTIONBAR</color>
	<color name="alphabet_indexer_overlay_text_color">H7_ACTIONBAR</color>
	<color name="arrow_popup_triangle_color_dark">H7_BACKGROUND</color>
	<color name="arrow_popup_triangle_color_light">H7_ACTIONBAR</color>
	<color name="arrow_popup_window_dim_color_dark">H7_ACTIONBAR</color>
	<color name="autofill_service_color">H7_ACCENT_COLOR</color>
	<color name="background_dark">H7_BACKGROUND</color>
	<color name="background_light">H7_BACKGROUND</color>

	<color name="bg_notification_success">H7_ACCENT_COLOR</color>
	<color name="bg_screen_throw_high_light">H7_ACCENT_COLOR</color>

	<color name="button_bg_color_warn_normal_dark">H7_ACCENT_COLOR_PRESS</color>
	<color name="button_bg_color_warn_normal_light">H7_ACCENT_COLOR</color>
	<color name="button_text_color_guide_normal_dark">H7_ACCENT_COLOR</color>
	<color name="button_text_color_guide_normal_light">H7_ACCENT_COLOR</color>
	<color name="button_text_color_warning_normal_dark">H7_ACTIONBAR</color>
	<color name="button_text_color_warning_normal_light">H7_ACTIONBAR</color>
	<color name="checked_text_dark">H7_ACCENT_COLOR</color>

	<color name="dialog_bg_color_dark">H7_BACKGROUND</color>
	<color name="dialog_bg_color_light">H7_BACKGROUND</color>
	<color name="dialog_checkbox_text_color_light">H7_ACTIONBAR</color>

	<color name="dialog_title_text_color_dark">H7_ACTIONBAR</color>

	<color name="dropdown_popup_backgroud_color_dark">H7_BACKGROUND</color>
	<color name="dropdown_popup_list_item_bg_normal_dark">H7_BACKGROUND</color>
	<color name="dropdown_popup_list_text_color_checked_dark">H7_ACCENT_COLOR</color>
	<color name="dropdown_popup_list_text_color_checked_light">H7_ACCENT_COLOR</color>
	<color name="edit_text_border_color">H7_ACCENT_COLOR</color>

	<color name="edit_text_search_bg_color_dark">H7_BACKGROUND</color>

	<color name="float_notification_button_color_n">H7_ACTIONBAR</color>
	<color name="float_notification_button_color_p">H7_ACTIONBAR</color>
	<color name="guide_popup_background_dark">H7_BACKGROUND</color>
	<color name="guide_popup_item_text_light">H7_BACKGROUND</color>
	<color name="highlight_normal_light">H7_ACCENT_COLOR</color>

	<color name="immersion_window_background_dark">H7_BACKGROUND</color>
	<color name="input_method_background_color">H7_ACTIONBAR</color>
	<color name="input_method_gradient_start_color">H7_ACTIONBAR</color>
	<color name="link_text_dark">H7_ACCENT_COLOR</color>
	<color name="link_text_light">H7_ACCENT_COLOR</color>
	<color name="list_secondary_text_color_checked_dark">H7_ACCENT_COLOR</color>
	<color name="list_secondary_text_color_checked_light">H7_ACCENT_COLOR</color>
	<color name="list_text_color_checked_dark">H7_ACCENT_COLOR</color>
	<color name="list_text_color_checked_light">H7_ACCENT_COLOR</color>

	<color name="message_view_text_color_light">H7_ACCENT_COLOR</color>
	<color name="numberpicker_highlight_text">H7_ACCENT_COLOR</color>
	<color name="numberpicker_highlight_text_dark">H7_ACCENT_COLOR</color>
	<color name="numberpicker_label">H7_ACCENT_COLOR</color>
	<color name="numberpicker_label_dark">H7_ACCENT_COLOR</color>

	<color name="preference_secondary_text_color_checked_dark">H7_ACCENT_COLOR</color>
	<color name="preference_secondary_text_color_checked_light">H7_ACCENT_COLOR</color>
	<color name="progressPrimaryColor">H7_ACCENT_COLOR</color>
	<color name="progressbar_color_dark">H7_ACCENT_COLOR_PRESS</color>
	<color name="resolver_recommend_tag_tv_color">H7_ACCENT_COLOR</color>
	<color name="search_action_mode_cancel_text_color_normal">H7_ACCENT_COLOR</color>
	<color name="search_action_mode_cancel_text_color_pressed">H7_ACCENT_COLOR_PRESS</color>
	<color name="second_space_switch_dialog_bg_color_light">H7_ACTIONBAR</color>
	<color name="second_space_switch_dialog_text_color_dark">H7_ACTIONBAR</color>
	<color name="seekbar_progress_color">H7_ACTIONBAR</color>
	<color name="select_tab_text_color">H7_ACCENT_COLOR</color>
	<color name="silent_mode_title">H7_ACTIONBAR</color>
	<color name="sliding_btn_slider_off_normal_color_light">H7_ACTIONBAR</color>
	<color name="sliding_btn_slider_off_pressed_color_light">H7_ACTIONBAR</color>
	<color name="sliding_btn_slider_on_normal_color_light">H7_ACTIONBAR</color>
	<color name="sliding_btn_slider_on_pressed_color_light">H7_ACTIONBAR</color>
	<color name="sliding_button_bar_on_dark">H7_ACCENT_COLOR_PRESS</color>
	<color name="sliding_button_bar_on_light">H7_ACCENT_COLOR</color>
	<color name="status_bar_toggle_off_color">H7_ACTIONBAR</color>
	<color name="status_bar_toggle_on_color">H7_ACTIONBAR</color>
	<color name="svg_icon_color_blue_disable_dark">H7_ACCENT_COLOR_DISABLED</color>
	<color name="svg_icon_color_blue_disable_light">H7_ACCENT_COLOR_DISABLED</color>
	<color name="svg_icon_color_blue_normal_dark">H7_ACCENT_COLOR_PRESS</color>
	<color name="svg_icon_color_blue_normal_light">H7_ACCENT_COLOR_PRESS</color>
	<color name="svg_icon_color_blue_pressed_dark">H7_ACCENT_COLOR_PRESS</color>
	<color name="svg_icon_color_blue_pressed_light">H7_ACCENT_COLOR_PRESS</color>
	<color name="svg_icon_color_blue_selected_dark">H7_ACCENT_COLOR_PRESS</color>
	<color name="svg_icon_color_blue_selected_light">H7_ACCENT_COLOR_PRESS</color>

	<color name="switch_dialog_bg">H7_BACKGROUND</color>
	<color name="text_edit_action_popup_more_normal_dark">H7_ACCENT_COLOR</color>
	<color name="text_edit_action_popup_more_normal_light">H7_ACCENT_COLOR</color>
	<color name="text_select_bg_color_dark">H7_ACTIONBAR</color>
	<color name="text_select_bg_color_light">H7_ACTIONBAR</color>
	<color name="text_select_item_bg_color_normal_dark">H7_ACTIONBAR</color>
	<color name="text_select_item_bg_color_normal_light">H7_ACTIONBAR</color>
	<color name="textcolor_device_title">H7_ACTIONBAR</color>
	<color name="textcolor_enable_midrop_tips">H7_ACTIONBAR</color>
	<color name="textcolor_file_name">H7_ACTIONBAR</color>
	<color name="time_not_selected">H7_ACTIONBAR</color>
	<color name="voice_input_button_bg">H7_ACTIONBAR</color>
	<color name="voice_input_dialog">H7_ACTIONBAR</color>
	<color name="white">H7_BACKGROUND</color>
</MIUI_Theme_Values>