<?xml version="1.0" encoding="utf-8"?>
<resources>

    <!-- src color -->
    <color name="devicename_unselected">#FFFFFF</color>
    <color name="devicename_unselected_android">H7_BACKGROUND</color>
    <color name="devicename_selected">H7_ACCENT_COLOR</color>
    <color name="connect_faild">#FF3320</color>
    <color name="backgroundcolor">H7_BACKGROUND</color>

    <!-- res color --> 
    <color name="text_color">#FFFFFF</color>
    <color name="ic_airsharing_background">#FFFFFF</color>
    <color name="ic_unconnected">#7FFFFFFF</color>
    <color name="ic_connected">H7_ACCENT_COLOR</color>
    <color name="ic_airsharing_help_background2">H7_BACKGROUND</color>
    <color name="notifiction_icon">#6895c6</color>
    <color name="ic_line">#26FFFFFF</color>
    <color name="help_note_line">#26FFFFFF</color>
    <color name="device_color">#7f7f7f</color>
    <color name="preference_divider_grey">#33FFFFFF</color>
</resources>