<?xml version="1.0" encoding="UTF-8"?><Repair>
    <color name="mgrey_dim">H7_ACTIONBAR</color>
    <color name="blue_twenty">H7_ACCENT_COLOR_DISABLED</color>
    <color name="dt_transparent">H7_ACTIONBAR</color>
    <color name="dt_mmi_gray_9">H7_ACTIONBAR</color>
    <color name="emui_functional_blue">H7_ACCENT_COLOR</color>
    <color name="emui_black_color_alpha_30">H7_ACTIONBAR</color>
    <color name="rd_remote_color_26a69a">H7_ACCENT_COLOR</color>
    <color name="emui_color_gray_9">H7_ACTIONBAR</color>
    <color name="emui_color_gray_10">H7_ACTIONBAR</color>
    <color name="emui_color_2">H7_ACCENT_COLOR</color>
    <color name="emui_primary">H7_ACTIONBAR</color>
    <color name="rd_progress_text_blue">H7_ACCENT_COLOR</color>
</Repair>