<?xml version="1.0" encoding="UTF-8"?><resources>
    <!-- AR000936LT gaojingang wx213998 20170526 begin -->
    <!-- Background color for the  button bar. -->
    <!-- Background color for the edit button. -->
    <color name="color_ic_edit_white_pressed">H7_ACCENT_COLOR</color>
    <color name="color_ic_edit_white">H7_ACCENT_COLOR</color>
    <!-- Background color for the share button. -->
    <color name="color_ic_share_white_pressed">H7_ACCENT_COLOR</color>
    <color name="color_ic_share_white">H7_ACCENT_COLOR</color>
    <!-- Background color for the delete button. -->
    <color name="color_ic_delete_white_pressed">H7_ACCENT_COLOR</color>
    <color name="color_ic_delete_white">H7_ACCENT_COLOR</color>
    <!-- Text color for the button. -->
    <!-- AR000936LT gaojingang wx213998 20170526 end -->
    <color name="navigation_bar_color">H7_ACTIONBAR</color>
</resources>