﻿<?xml version="1.0" encoding="utf-8"?>
<resources>
<color name="hwtoolbar_menu_clicked_emui">#FFe6a032</color>
<color name="select">#1a73e8</color>
<color name="hidisk_color_failed_red">#1a73e8</color>
<color name="hidisk_policy_textview_normal">#1a73e8</color>
<color name="hidisk_policy_textview_pressed">#801a73e8</color>
<color name="hidisk_color_search_online">#1a73e8</color>
<color name="title_text_color">#1a73e8</color>
<color name="title_divider_line">#1a73e8</color>
<color name="waring_red">#da1a73e8</color>
<color name="gray_white">#26ffffff</color>
<color name="hidisk_autolink_color">#1a73e8</color>
<color name="blue_text_color">#1a73e8</color>
<color name="tab_unselected_text_color">#1a73e8</color>
<color name="attention_color_30">#4c1a73e8</color>
<color name="feedback_question_type_color">#1a73e8</color>
<color name="feedback_highlight_color">#1a73e8</color>
<color name="feedback_highlight_color_disable">#331a73e8</color>
<color name="feedback_smarthelper_user_textview_bg">#1a73e8</color>
<color name="hidisk_color_download_progress_widget_background_solid">#4D1a73e8</color>
<color name="hidisk_color_download_progress_widget_background">#FF1a73e8</color>
<color name="hidisk_color_download_progress_widget_background_stroke">#FF1a73e8</color>
<color name="hidisk_color_download_progress_widget_secondaryprogress_stroke">#FF1a73e8</color>
<color name="hidisk_color_download_progress_widget_progress_solid">#4D1a73e8</color>
<color name="hidisk_search_hight_light_color">#1a73e8</color>
<color name="hidisk_search_cursor_color">#1a73e8</color>
<color name="hidisk_search_cursor_color_8">#1a73e8</color>
<color name="hwswitch_on_disable_dark_emui">#331a73e8</color>
<color name="accent_on_disable_dark_emui">#331a73e8</color>
<color name="hwcheckbox_accent_on_dark_emui">#ff1a73e8</color>
<color name="hwspinner_accent_emui_dark">#FF1a73e8</color>
<color name="hwspinner_accent_emui_emphasize_disabled">#331a73e8</color>
<color name="hwspinner_accent_emui_emphasize">#FF1a73e8</color>
<color name="color_failed_red">#1a73e8</color>
<color name="autolink_color">#1a73e8</color>
<color name="color_current_point">#1a73e8</color>
<color name="policy_textview_normal">#1a73e8</color>
<color name="color_search_online">#1a73e8</color>
<color name="blue_emui5_text">#1a73e8</color>
<color name="text_color">#1a73e8</color>
<color name="feedback_question_type_color">#1a73e8</color>
<color name="feedback_highlight_color">#1a73e8</color>
<color name="feedback_highlight_color_disable">#331a73e8</color>
<color name="feedback_smarthelper_user_textview_bg">#1a73e8</color>
<color name="color_download_progress_widget_background_solid">#4D1a73e8</color>
<color name="color_download_progress_widget_background">#FF1a73e8</color>
<color name="color_download_progress_widget_background_stroke">#FF1a73e8</color>
<color name="color_download_progress_widget_secondaryprogress_stroke">#FF1a73e8</color>
<color name="color_download_progress_widget_progress_solid">#4D1a73e8</color>
<color name="emui_accent">#1a73e8</color>
<color name="search_hight_light_color">#1a73e8</color>
<color name="search_cursor_color">#1a73e8</color>
<color name="hwswitch_accent_emui">#FF1a73e8</color>
<color name="hwswitch_accent_on_dark_emui">#ff1a73e8</color>

</resources>