<?xml version="1.0" encoding="utf-8"?>
<!--SR000ABIT3 guobo gwx518713 created -->
<resources>
    <!-- color-->
    <color name="listview_divider_color">#1Affffff</color>
    <color name="dsb_progress_color">H7_ACCENT_COLOR</color>
    <color name="back_color">H7_BACKGROUND</color>
    <color name="radio_enablecolor">#33ffffff</color>
    <color name="eq_frequence_color">#80ffffff</color>

    <color name="text_grey">#33ffffff</color>
    <color name="title_normal">#ffffff</color>
    <color name="title_grey">#80ffffff</color>

    <color name="eq_divider_color">H7_ACCENT_COLOR_DISABLED</color>
    <color name="eq_imaginary_line_color">H7_ACCENT_COLOR_DISABLED</color>
    <color name="eq_curve_line_color">#80DCE5F0</color>
    <color name="eq_plot_line_color">H7_ACCENT_COLOR</color>
    <color name="eq_plot_circle_color">H7_BACKGROUND</color>
    <color name="eq_plot_area_color">H7_ACCENT_COLOR_DISABLED</color>
    <color name="background_color">H7_BACKGROUND</color>

    <color name="histen_logo_color">#FFFFFF</color>
    <color name="histen_logo_color_1">#FFFFFF</color>
    
    <color name="emui_white">H7_BACKGROUND</color>
    <color name="emui_color_gray_1">#33ffffff</color>

    <color name="emui_functional_blue">H7_ACCENT_COLOR</color>
</resources>

