﻿<?xml version="1.0" encoding="utf-8"?>
<resources>

    <color name="white">H7_BACKGROUND</color>
    <color name="black">#ffffff</color>
    <!-- 超链接的颜色 -->
    <color name="autolink_color">H7_ACCENT_COLOR</color>
    
    <color name="activity_bg">H7_BACKGROUND</color>
    <color name="black_10">#33ffffff</color>
    <color name="line">#48474c</color>
    <color name="line_green">#0dffffff</color>
    <color name="default_text_color">#ffffff</color>
    <color name="first_tx_color">#ffffff</color>
    <color name="first_tx_disable_color">#4cffffff</color>
    <color name="sub_tx_color">#80ffffff</color>
    <color name="sub_tx_disable_color">#4cffffff</color>
    <color name="dividing_line_color">#33ffffff</color>
    <color name="btn_text_unselect">#80ffffff</color>
    <color name="bottom_bar_btn_pressed">#84d2ef</color>

    <!-- 删除红色字体 -->

    <color name="delete_red">#d43e25</color>

    <!-- 列表item按下去颜色值 -->

    <drawable name="list_item_press_bg">#13ffffff</drawable>
    <drawable name="list_item_bg">H7_BACKGROUND</drawable>
    <drawable name="list_header_bg">H7_BACKGROUND</drawable>
    <drawable name="activity_bg">H7_BACKGROUND</drawable>

    <!-- 列表item选中状态的颜色值 -->

    <drawable name="item_selected_bg">#ff0000</drawable>

    <!-- 蓝色title文字颜色 -->

    <color name="title_text_color">H7_ACCENT_COLOR</color>

    <!-- title文字下方分割线颜色 -->

    <color name="title_divider_line">H7_ACCENT_COLOR</color>

    <drawable name="top_bar_bg">#0097a8</drawable>

    <color name="top_bar_bg_white">H7_BACKGROUND</color>
    <color name="white_65">#a6ffffff</color>
    <color name="white_70">#b2ffffff</color>
    <color name="white_90">#e6ffffff</color>
    <color name="white_85">#daffffff</color>
    <color name="white_80">#cdffffff</color>
    <color name="waring_red">#daf0460e</color>

    <!-- 超链接的颜色 -->

    <color name="autolink_color">H7_ACCENT_COLOR</color>
    <color name="blue_emui5_text">H7_ACCENT_COLOR</color>
    <color name="black_45">#73ffffff</color>
    <color name="dialog_text_color">#ffffff</color>

    <!-- clone -->

    <!-- 列表item按下去和选中状态的颜色值 -->

    <drawable name="item_press_bg">H7_ACCENT_COLOR_PRESS</drawable>

    <!-- 网格点击色 -->

    <drawable name="grid_item_press">#cae7eb</drawable>

    <!-- 蓝色title文字颜色 -->

    <color name="title_text_color_clone">#BFffffff</color>

    <!-- 以下为手机克隆添加的 -->

    <color name="pink">#fd5d7b</color>
    <color name="invite_gray">#4a4a4a</color>
    <color name="invite_red">#ff4444</color>
    <color name="dialog_title_color">#0a9dcd</color>

    <drawable name="clone_blue_bg">#2068b0</drawable>

    <color name="white_d8">#d8ffffff</color>
    <color name="black_50">#80ffffff</color>
    <color name="black_50_disable">#33ffffff</color>
    <color name="black_65">#a5ffffff</color>
    <color name="black_85">#daffffff</color>
    <color name="black_80">#CEffffff</color>
    <color name="black_3">#4f5257</color>
    <color name="green_D8">#D8ffffff</color>
    <color name="serach_tips">#D8ffffff</color>
    <color name="blue_53">#5395d9</color>
    <color name="black_d8">#d8ffffff</color>
    <color name="bf_zereo">#BFffffff</color>
    <color name="list_divider">#33ffffff</color>

    <!-- 超链接的颜色 -->

    <color name="blak_a5">#A5ffffff</color>

    <!-- 功能介绍界面详情介绍字体颜色 -->

    <color name="black_A6">#A6ffffff</color>
    <color name="blue_color">H7_ACCENT_COLOR</color>
    <color name="blue_color_50">H7_ACCENT_COLOR_PRESS</color>
    <color name="time_warning_color">#daff694e</color>
    <color name="send_btn_text_color">#ffffff</color>
    <color name="send_btn_text_color_disable">#80ffffff</color>
    <color name="white_text_color">#ffffff</color>
    <color name="white_text_press_color">#80ffffff</color>
    <color name="blue_text_color">H7_ACCENT_COLOR</color>
    <color name="black_text_color">#ffffff</color>
    <color name="black_text_press_color">#43ffffff</color>
    <color name="trans_data_suc">#91d13f</color>

    <!-- 备份管理界面介质选择颜色 -->

    <color name="medium_row_default_bg">H7_BACKGROUND</color>
    <color name="medium_row_selected_bg">#00ffff</color>
    <color name="row_text_color_default">#00000C</color>
    <color name="row_text_color_inverse">#ffffff</color>

    <!-- EMUI 4.0 小面积雅兰色 -->

    <color name="small_area_jalam">H7_ACCENT_COLOR</color>
    <color name="small_area_jalam_disable">H7_ACCENT_COLOR_DISABLED</color>

    <!-- qrcode -->

    <color name="result_view">#b0ffffff</color>
    <color name="status_text">#ffffffff</color>
    <color name="result_minor_text">#ffc0c0c0</color>
    <color name="result_text">#ffffffff</color>
    <color name="result_points">#c099cc00</color>
    <color name="viewfinder_laser">#ff01b9ff</color>
    <color name="viewfinder_mask">H7_BACKGROUND_PRESS</color>

    <!-- <color name="viewfinder_frame">#ff00c0ff</color> -->

    <color name="possible_result_points">#c0ffbd21</color>
    <color name="clone_choose_type">#333333</color>
    <color name="text_color">H7_ACCENT_COLOR</color>
    <color name="text_color_press">H7_ACCENT_COLOR</color>
    <color name="code_text_color">#353535</color>
    <color name="text_color_red">#ff3320</color>
    <color name="all_background_color">H7_BACKGROUND</color>
    <color name="list_divider_color">#33ffffff</color>
    <color name="dividing_progress_color">#80ffffff</color>
    <color name="frame_color">#ffdc1a</color>
    <color name="frame_color_angle">#fddb18</color>
    <color name="black_30">#4bffffff</color>
    <color name="black_75">#bfffffff</color>
    <color name="clone_pwd_style">#26ffffff</color>
    <color name="clone_white_actionbar">H7_BACKGROUND</color>
    <color name="clone_actionbar_solid">#ffffff</color>
	
	  <color name="feedback_blue">H7_ACCENT_COLOR</color>
    <color name="feedback_title_bar_unnormal_color">H7_BACKGROUND_PRESS</color>
    <color name="feedback_transparent">H7_BACKGROUND00</color>
    <color name="feedback_white">#FFFFFF</color>
    <color name="feedback_light_white">#55FFFFFF</color>
    <color name="feedback_divideline">#26202125</color>
    <color name="feedback_background">#f7f7f7</color>
    <color name="feedback_text_color1">#FFFFFF</color>
    <color name="feedback_text_color2">#80FFFFFF</color>
    <color name="feedback_text_color_75">#C0FFFFFF</color>
  
<!--     30% -->
    <color name="feedback_text_color3">#33FFFFFF</color>
	
	<color name="feedback_highlight_color_old">H7_ACCENT_COLOR_DISABLED</color> 
	<color name="feedback_record_listview_title">#14FFFFFF</color>
	<color name="feedback_question_type_color">#f0460e</color>
	<color name="feedback_highlight_color">H7_ACCENT_COLOR</color>
	<!-- 20%透明度 -->
	<color name="feedback_highlight_color_disable">H7_ACCENT_COLOR_DISABLED</color>
	<color name="feedback_highlight_color_disable_old">#3328c0c6</color>
	<color name="feedback_blue_disable">H7_ACCENT_COLOR_DISABLED</color>
	
	<color name="feedback_smarthelper_textview_bg">#33FFFFFF</color>
	<color name="feedback_black_10">#26FFFFFF</color>
	
	<color name="feedback_smarthelper_user_textview_bg">H7_ACCENT_COLOR</color>
	
	<color name="feedback_black_03">H7_BACKGROUND_PRESS</color>
	
	<color name="feedback_spannable_click_color">H7_ACCENT_COLOR</color>
	<!-- 多主题适配 -->
	<color name="feedback_text_color_data">#FFFFFF</color>
	<color name="feedback_text_color_customer_service">#FFFFFF</color>
	<color name="upsdk_black">#FFFFFFFF</color>
	
	<!--EMUI 9.0 Colors 需要UX给出主题颜色值-->
    <color name="emui_primary">H7_ACCENT_COLOR</color>
    <color name="emui_accent">H7_ACCENT_COLOR</color>
    <color name="emui_white">#FCFCFC</color>
    <color name="emui_black">#FFFFFF</color>
    <color name="emui_color_gray_1">#0D0D0D</color>
    <color name="emui_color_gray_2">#1A1A1A</color>
    <color name="emui_color_gray_3">#262626</color>
    <color name="emui_color_gray_4">#333333</color>
    <color name="emui_color_gray_5">#4D4D4D</color>
    <color name="emui_color_gray_6">#666666</color>
    <color name="emui_color_gray_7">#808080</color>
    <color name="emui_color_gray_8">#B3B3B3</color>
    <color name="emui_color_gray_9">#CCCCCC</color>
    <color name="emui_color_gray_10">#E6E6E6</color>
    <color name="emui_color_gray_5">#F2F2F2</color>
    <color name="divider_horizontal_color_emui">#4cffffff</color>
    <color name="emui_functional_red">#ED2A2B</color>
    <color name="emui_functional_green">#3DB03D</color>
    <color name="emui_functional_blue">H7_ACCENT_COLOR</color>

    <color name="divider_horizontal_color_emui">#33ffffff</color>
</resources>