<?xml version="1.0" encoding="utf-8"?>

<resources>
    <color name="green">H7_ACCENT_COLOR</color>
    <color name="black">#FFFFFF</color>
    <color name="wfd_icon_color">#7FFFFFFF</color>
    <color name="status_color">#595959</color>
    <color name="line_bg_color">#E5121212</color>
    <color name="icon_bg_color">#7FFFFFFF</color>
    <color name="navigation_color_bg">H7_ACTIONBAR</color>
    <color name="trans_text_color">#E6E6E6</color>
    <color name="display_text_color">#E6E6E6</color>
    <color name="split_line">#303030</color>
</resources>