<?xml version="1.0" encoding="utf-8"?>

<MIUI_Theme_Values template="LightTemplate">
  <color name="hint_edit_text_dialog_color_light" package="miui">#66000000</color>
  <color name="preference_secondary_text_color_pressed_light" package="miui">#99000000</color>
  <color name="cloud_recommend_msg_color">H7_ACCENT_COLOR</color>
  <color name="picker_action_bar_tab_text_color_selected">H7_ACCENT_COLOR</color>
  <color name="dropdown_popup_list_text_color_pressed_light" package="miui">#e6000000</color>
  <color name="indexer_text_highlight">H7_ACCENT_COLOR</color>
  <color name="svg_icon_color_pressed">#99000000</color>
  <color name="contact_detail_action_item_textcolor_disable">H7_ACCENT_COLOR_DISABLED</color>
  <color name="dialer_digits_text_color">#e6000000</color>
  <color name="dialer_accent_color">H7_ACCENT_COLOR</color>
  <color name="list_text_color_checked_light" package="miui">H7_ACCENT_COLOR</color>
  <color name="edit_text_color_light" package="miui">#e6000000</color>
  <integer name="checkwidget_background_normal_alpha_light" package="miui">25</integer>
  <color name="dialog_list_text_color_normal_light" package="miui">#e6000000</color>
  <color name="dialer_menu_item_bg_color">#0c000000</color>
  <color name="cloud_status_disabled_text_color_light" package="miui">H7_ACCENT_COLOR</color>
  <color name="divider_color_light" package="miui">#0d000000</color>
  <color name="button_text_color_light" package="miui">#e6000000</color>
  <color name="word_photo_color" package="miui">#f4ffffff</color>
  <color name="editor_scan_bussiness_card_bg_p">#33000000</color>
  <integer name="checkwidget_stroke_normal_alpha_light" package="miui">50</integer>
  <color name="editor_scan_bussiness_card_bg_n">#19000000</color>
  <color name="text_edit_action_popup_more_normal_light" package="miui">H7_ACCENT_COLOR</color>
  <color name="checkbox_btn_on_background_color_light" package="miui">H7_ACCENT_COLOR</color>
  <color name="list_divider_stroke">#19000000</color>
  <color name="button_text_color_guide_normal_light" package="miui">H7_ACCENT_COLOR</color>
  <color name="action_mode_button_text_color_normal_light" package="miui">#e6000000</color>
  <dimen name="dialer_input_margin_top">0dp</dimen>
  <color name="preference_category_text_color_light" package="miui">#99000000</color>
  <color name="quick_contact_name_text_color" package="miui">#e6000000</color>
  <color name="alphabet_indexer_text_color" package="miui">#66000000</color>
  <color name="dialer_buttons_text_color_normal">#e6ffffff</color>
  <color name="text_edit_action_popup_summary_normal_light" package="miui">#99000000</color>
  <color name="contact_detail_list_item_firstly_text_color">#e6000000</color>
  <color name="dim_foreground_light" package="miui">#99000000</color>
  <dimen name="dialer_menu_padding_btm">0dp</dimen>
  <dimen name="shadow_height">0dp</dimen>
  <color name="immersion_text_color_normal_light" package="miui">#e6000000</color>
  <color name="dialog_bg_color_light" package="miui">H7_BACKGROUND</color>
  <bool name="check_widget_anim_enable" package="miui">false</bool>
  <color name="highlight_disabled_light" package="miui">H7_ACCENT_COLOR</color>
  <color name="dialer_title_text_color">#e6000000</color>
  <color name="button_text_color_dialog_light" package="miui">#e6000000</color>
  <integer name="window_translucent_status" package="miui">1</integer>
  <color name="edit_text_search_hint_color_light" package="miui">#66000000</color>
  <color name="button_text_color_dialog_disabled_light" package="miui">#4c000000</color>
  <color name="alphabet_indexer_overlay_text_color" package="miui">#ffffffff</color>
  <color name="svg_icon_color_red_normal_light" package="miui">#ffff2a48</color>
  <color name="list_item_bg_color_pressed_light" package="miui">#0d000000</color>
  <color name="contact_detail_list_item_secondly_text_color">#99000000</color>
  <color name="text_select_item_bg_color_pressed_light" package="miui">#0d000000</color>
  <color name="tab_text_color_unfocused">#99000000</color>
  <color name="contact_photoview_end_color">H7_BACKGROUND</color>
  <color name="dialer_buttons_text_color_press">#e6ffffff</color>
  <color name="dialog_message_text_color_light" package="miui">#99000000</color>
  <color name="cloud_status_highlight_text_color_light" package="miui">H7_ACCENT_COLOR</color>
  <color name="picker_action_bar_tab_text_color_normal">#99000000</color>
  <color name="preference_primary_text_color_pressed_light" package="miui">#e6000000</color>
  <color name="action_mode_button_text_color_disable_light" package="miui">#4c000000</color>
  <color name="text_edit_action_popup_info_normal_light" package="miui">#66000000</color>
  <color name="svg_icon_color_blue_normal_light" package="miui">H7_ACCENT_COLOR</color>
  <color name="list_view_item_group_header_text_light" package="miui">#99000000</color>
  <color name="editor_hint_text_color_n">#66000000</color>
  <color name="blank_page_text_color_light" package="miui">#66000000</color>
  <color name="sliding_button_bar_off_light" package="miui">#0d000000</color>
  <color name="action_button_text_color_disable_light" package="miui">#4c000000</color>
  <color name="svg_icon_color_disable">#4c000000</color>
  <color name="missed_call_text">#ffED5137</color>
  <color name="dropdown_popup_list_item_bg_pressed_light" package="miui">#0d000000</color>
  <color name="dialer_menu_item_bg_press_color">#19000000</color>
  <color name="immersion_text_color_pressed_light" package="miui">#e6000000</color>
  <color name="dialer_digits_location_text_color">#66000000</color>
  <color name="quickcontact_window_title_bg_normal">#ff333333</color>
  <color name="sliding_button_bar_on_light" package="miui">H7_ACCENT_COLOR</color>
  <color name="numberpicker_label" package="miui">H7_ACCENT_COLOR</color>
  <color name="preference_primary_text_color_light" package="miui">#e6000000</color>
  <color name="checkbox_btn_on_foreground_color_light" package="miui">#ffffffff</color>
  <color name="list_secondary_text_color_pressed_light" package="miui">#99000000</color>
  <color name="list_item_bg_normal">#00000000</color>
  <bool name="default_theme">false</bool>
  <color name="action_bar_subtitle_text_light" package="miui">#99000000</color>
  <color name="list_secondary_text_color_disable_light" package="miui">#4c000000</color>
  <color name="edit_text_search_color_light" package="miui">#e6000000</color>
  <color name="svg_icon_color_normal_light" package="miui">#e6000000</color>
  <color name="list_text_color_normal_light" package="miui">#e6000000</color>
  <color name="list_text_color_disable_light" package="miui">#4c000000</color>
  <color name="contact_detail_head_textcolor">#66000000</color>
  <color name="action_button_text_color_normal_light" package="miui">#e6000000</color>
  <color name="contact_title_color">#e6000000</color>
  <color name="text_edit_action_popup_title_normal_light" package="miui">#e6000000</color>
  <color name="svg_icon_color_blue_selected_light" package="miui">H7_ACCENT_COLOR</color>
  <color name="checkbox_btn_disable_background_color_light" package="miui">#ff000000</color>
  <color name="text_edit_action_popup_text_pressed" package="miui">H7_ACCENT_COLOR</color>
  <color name="edit_text_dialog_color_normal_light" package="miui">#e6000000</color>
  <color name="list_secondary_text_color_pressed_light">#99000000</color>
  <color name="list_secondary_text_color_checked_light" package="miui">H7_ACCENT_COLOR</color>
  <color name="svg_icon_color_pressed_light" package="miui">#99000000</color>
  <color name="list_secondary_text_color_normal_light">#99000000</color>
  <color name="color_filter_white">#e6000000</color>
  <color name="sliding_btn_slider_off_normal_color_light" package="miui">#ffffffff</color>
  <dimen name="twelve_key_digits_input_margin_top">15dp</dimen>
  <color name="editor_label_text_color_n">#99000000</color>
  <color name="preference_secondary_text_color_light" package="miui">#99000000</color>
  <color name="editor_label_text_color_p">#e6000000</color>
  <color name="default_contact_list_item_bg">#00000000</color>
  <color name="t9_list_item_text_highlight">H7_ACCENT_COLOR</color>
  <color name="search_action_mode_cancel_text_color_pressed" package="miui">#99000000</color>
  <color name="dropdown_popup_list_text_color_disabled_light" package="miui">#4c000000</color>
  <bool name="dialerinput_with_animation">false</bool>
  <color name="v5_list_text_color_light">#e6000000</color>
  <color name="dropdown_popup_list_item_bg_normal_light" package="miui">#00000000</color>
  <color name="numberpicker_highlight_text" package="miui">H7_ACCENT_COLOR</color>
  <color name="preference_primary_text_color_disable_light" package="miui">#4c000000</color>
  <integer name="checkwidget_stroke_disable_alpha_light" package="miui">25</integer>
  <color name="contacts_accent_color">H7_ACCENT_COLOR</color>
  <color name="highlight_normal_light" package="miui">H7_ACCENT_COLOR</color>
  <color name="alphabet_indexer_activated_text_color" package="miui">#99000000</color>
  <color name="dialog_message_text_color_light">#99000000</color>
  <color name="quickcontact_list_item_primary_text_color">#e6000000</color>
  <color name="sliding_btn_slider_on_pressed_color_light" package="miui">#ffffffff</color>
  <color name="editor_scan_businesscard_btn_txt_color">#e6000000</color>
  <color name="edit_text_search_bg_color_light">#19000000</color>
  <color name="contact_detail_action_item_textcolor">H7_ACCENT_COLOR</color>
  <color name="numberpicker_hint_text" package="miui">#99000000</color>
  <color name="header_text_label_color">#99000000</color>
  <color name="divider_bg_color">#00000000</color>
  <color name="preference_secondary_text_color_disable_light" package="miui">#4c000000</color>
  <color name="text_select_item_bg_color_normal_light" package="miui">#00000000</color>
  <color name="list_secondary_text_color_normal_light" package="miui">#99000000</color>
  <color name="svg_icon_color_blue_disable_light" package="miui">#4c000000</color>
  <color name="checkbox_btn_stroke_color_light" package="miui">#ff000000</color>
  <color name="text_edit_action_popup_text_normal" package="miui">#e6000000</color>
  <color name="svg_icon_color_red_pressed_light" package="miui">#99000000</color>
  <color name="editor_button_default_color">#e6000000</color>
  <color name="contact_detail_content_bg_color">H7_BACKGROUND</color>
  <color name="quickcontact_window_bg">H7_BACKGROUND</color>
  <color name="dropdown_popup_list_text_color_normal_light" package="miui">#e6000000</color>
  <color name="highlight_pressed_light" package="miui">H7_ACCENT_COLOR</color>
  <color name="button_text_color_guide_disabled_light" package="miui">#4c000000</color>
  <color name="aggregation_suggestions_item_n">H7_BACKGROUND</color>
  <color name="dialog_list_text_color_pressed_light" package="miui">#e6000000</color>
  <color name="color_filter_black">#e6000000</color>
  <color name="dropdown_popup_list_text_color_checked_light" package="miui">H7_ACCENT_COLOR</color>
  <color name="dialog_list_text_color_disabled_light" package="miui">#4c000000</color>
  <color name="svg_icon_color_normal">#e6000000</color>
  <color name="action_mode_button_text_color_selected_light" package="miui">H7_ACCENT_COLOR</color>
  <color name="action_button_text_color_selected_light" package="miui">H7_ACCENT_COLOR</color>
  <color name="sliding_btn_slider_off_pressed_color_light" package="miui">#ffffffff</color>
  <color name="bright_foreground_light" package="miui">#e6000000</color>
  <color name="contact_editor_group_name_color">#66000000</color>
  <dimen name="dialerpad_padding_start">0dp</dimen>
  <color name="action_mode_title_text_color_light" package="miui">#e6000000</color>
  <color name="action_mode_button_text_color_pressed_light" package="miui">#99000000</color>
  <color name="dialog_title_text_color" package="miui">#e6000000</color>
  <color name="action_bar_title_text_color_light" package="miui">#e6000000</color>
  <dimen name="dialerpad_padding_end">0dp</dimen>
  <color name="tab_text_color_focused">H7_ACCENT_COLOR</color>
  <color name="action_button_text_color_pressed_light" package="miui">#99000000</color>
  <color name="contact_subtitle_color">#99000000</color>
  <color name="aggregation_suggestions_item_p">#ffEAEAEA</color>
  <color name="svg_icon_color_red_disable_light" package="miui">#4c000000</color>
  <color name="search_action_mode_cancel_text_color_normal" package="miui">#e6000000</color>
  <color name="dialog_title_text_color">#e6000000</color>
  <bool name="status_bar_color_enable">false</bool>
  <color name="svg_icon_color_blue_pressed_light" package="miui">#99000000</color>
  <color name="immersion_text_color_disable_light" package="miui">#4c000000</color>
  <integer name="checkwidget_background_disable_alpha_light" package="miui">12</integer>
  <color name="sliding_btn_slider_on_normal_color_light" package="miui">#ffffffff</color>
  <color name="list_text_color_pressed_light" package="miui">#e6000000</color>
  <color name="high_light_text">H7_ACCENT_COLOR</color>
  <color name="svg_icon_color_disable_light" package="miui">#4c000000</color>
  <color name="cloud_status_normal_text_color_light" package="miui">H7_ACCENT_COLOR</color>
</MIUI_Theme_Values>
