﻿<?xml version="1.0" encoding="utf-8"?>

<resources>

    <drawable name="text_color_red">#ffff4444</drawable>
    <drawable name="text_color_black">#ffffffff</drawable>
    <drawable name="text_color_black_send">#ffffffff</drawable>
    <color name="mms_sub_text_color">#80ffffff</color>
    <color name="text_color_taste_isMms_normal">#ff666666</color>
    <color name="label_downloading">#99ffffff</color>
    <color name="list_item_downlod_btn_disable_color">#64ffffff</color>
    <color name="list_item_btn_disable_color">#64ffffff</color>
    <color name="text_color_white">#ffffffff</color>
    <color name="incoming_msg_text_color">H7_COLOR_DIALER</color>
    <color name="mms_send_to_text_color">#DBffffff</color>
    <color name="single_text_editor_color">#ffffffff</color>
    <color name="slide_page_number_color">#a5666666</color>
    <color name="text_color_button">#ffffffff</color>
    <color name="text_color_white_important">#ffffffff</color>
    <color name="text_color_white_sub">#B2ffffff</color>
    <drawable name="splite_line_drawable_white">#00ffffff</drawable>
    <color name="text_color_white_splite_line">#00ffffff</color>
    <color name="text_color_balck_sub">#80ffffff</color>
    <color name="recepients_hint_text_color">#33ffffff</color>
    <color name="compose_hint_text_color">#33ffffff</color>
    <color name="mms_text_counter_color">#80ffffff</color>
    <color name="search_hint_text_color">#ccffffff</color>
    <color name="recipients_text_color">#ffffffff</color>
    <color name="recipients_selected_text_color">#ffffffff</color>
    <color name="mms_recipient_number_text_color">#ffffffff</color>
    <color name="duoqu_notify_title_text_color">#d8ffffff</color>
    <color name="duoqu_notify_content_text_color">#b2ffffff</color>
    <color name="duoqu_notify_button_text_color">#b2ffffff</color>
    <color name="duoqu_red">#FF1F00</color>
    <color name="duoqu_web_network_fail_bg_color">#f7f7f7</color>
    <color name="duoqu_web_network_fail_text_color">#f26d4e</color>
    <color name="duoqu_web_network_setting_text_color">#a3a3a3</color>
    <color name="duoqu_web_network_fail_bottom_line_color">#e6e6e6</color>
    <color name="duoqu_action_bar_close_text_color">#ffffff</color>
    <color name="duoqu_action_bar_title_text_color">#ffffff</color>
    <color name="duoqu_hint_text_color">#7fffffff</color>
    <color name="duoqu_head_title_text_color">#ffffff</color>
    <color name="duoqu_body_text_color_gray">#7Fffffff</color>
    <color name="duoqu_black2">#ffffff</color>
    <color name="duoqu_split_line_bg">#00ffffff</color>
    <color name="duoqu_bubble_bottom_text_unselected_color">H7_COLOR_DIALER</color>
    <color name="duoqu_bubble_bottom_text_selected_color">H7_COLOR_DIALER</color>
    <color name="duoqu_huawei_text_disable">#4cffffff</color>
    <color name="duoqu_item_menu_pressed">#4cffffff</color>
    <color name="duoqu_menu_theme_border_color">#ccffffff</color>
    <color name="duoqu_gray_black">#ffffff</color>
    <color name="duoqu_border_color">#d9ffffff</color>
    <color name="duoqu_menu_item_color">#80ffffff</color>
    <drawable name="text_color_black_conversation_list_item_from">#D8ffffff</drawable>
    <color name="text_color_black_main">#D8ffffff</color>
    <color name="mms_sub_text_color">#80ffffff</color>
    <color name="mms_unread_text_color">#f0460e</color>
    <color name="text_color_black_sub_2">#4Cffffff</color>
    <color name="text_color_black_sub_1">#80ffffff</color>
    <color name="title_color_primary">#FFffffff</color>
    <color name="sms_number_set_warning">#f0460e</color>
    <color name="mms_hint_text_color">#80ffffff</color>
    <color name="mms_favorites_msg_type_color">#80ffffff</color>
    <color name="mms_favorites_msg_text_color">#80ffffff</color>
    <color name="conversation_text_normal_color">#80ffffff</color>
    <color name="conversation_text_new_message_color">#ffffffff</color>
    <color name="conversation_item_divider_color">#00ffffff</color>
    <color name="mms_menu_item_gray_color">#33ffffff</color>
    <color name="message_pop_incoming_bg_color">#33ffffff</color>
    <color name="message_pop_send_bg_color">H7_COLOR_DIALER</color>
    <color name="mms_main_text_color">#D8ffffff</color>
    <color name="attach_panel_item_color">H7_BACKGROUND</color>
    <color name="mms_icon_list_item_text_color">#E5ffffff</color>
    <color name="signview_divider_line_color">#00ffffff</color>
    <color name="attach_panel_grid_line_color">#33ffffff</color>
    <color name="text_color_black_important">#E5ffffff</color>
    <color name="signview_selected_color">#66ffffff</color>
    <color name="signview_normal_color">H7_ACTIONBAR</color>
    <color name="attachment_preview_slide_page_textcolor">#80ffffff</color>
    <color name="dialog_list_text_color">#ffffffff</color>
    <color name="mms_list_item_year_bg_color">#33ffffff</color>
    <color name="mms_list_item_year_text_color">#ffffffff </color>
    <color name="mms_bg_change">#ff0f1015</color>
    <color name="text_color_white_sub_1">#7Fffffff</color>
    <color name="text_color_white_sub_2">#4Cffffff</color>
    <color name="menu_state_default_dark_icon">H7_COLOR_DIALER</color>
    <color name="menu_state_pressed_dark_icon">H7_COLOR_DIALER</color>
    <color name="title_color_primary_dark">#ffffff</color>
    <color name="avater_group_stroke_color">#33ffffff</color>
    <color name="search_view_background_color">H7_ACTIONBAR</color>
    <color name="textSubTitleColor">#80ffffff</color>
    <color name="subtitle_color_primary_dark">#80ffffff</color>
    <color name="mms_search_header_view_bg_color">H7_BACKGROUND</color>
    <color name="new_message_edit_color">#26ffffff</color>
    <color name="new_message_edit_color_disable">#1affffff</color>
    <color name="search_hint_text_color_disable">#33ffffff</color>
    <color name="ic_empty_message_color">#4dffffff</color>
    <color name="compose_bottom_layout_button_default_color">#4dffffff</color>
    <color name="compose_bottom_layout_button_pressed_color">#80ffffff</color>
    <color name="send_message_button_disable">#33ffffff</color>
    <color name="emoji_category_panel_dark">H7_ACTIONBAR</color>
    <color name="emoji_category_panel_choose">H7_BACKGROUND</color>
    <color name="emoji_icon_default_color">#333333</color>    
    <color name="emui_list_separator_default">H7_COLOR_DIALER</color>
    <color name="text_color_black_sub3">#80ffffff</color>
    <color name="text_color_half_black">#80ffffff</color>
    <color name="chips_bg_color">H7_COLOR_DIALER_DISABLED</color>
	<color name="attahcment_tab_text_selected">H7_COLOR_DIALER</color>
    <color name="attahcment_tab_text_unselected">#80ffffff</color>
	<color name="attachment_tab_button_selected">H7_COLOR_DIALER</color>
    <color name="attachment_tab_button_unselected">#80ffffff</color>
	<color name="talk_prompt_text_color">#ffffff</color>
	<color name="record_panel_bg">H7_BACKGROUND</color>
	<color name="message_under_pop_icon_color">#80ffffff</color>
	<color name="others_tab_text_color">#ffffff</color>
	<color name="others_tab_button_color">#ffffff</color>
    <color name="tips_text_color">#ffffff</color>
    <color name="duoqu_new_popmenu_text_color">#ffffff</color>
    <color name="duoqu_bottom_menu_text_color">H7_COLOR_DIALER</color>
    <color name="duoqu_body_text_color_gray">#ffffff</color>
    <color name="white">H7_BACKGROUND</color>
    <color name="black">#ffffff</color>
    <color name="enable_permission_text_color">#80ffffff</color>
    <color name="mediapicker_perimission_request_text_color">H7_COLOR_DIALER</color>
    <color name="ic_attachment_permission_color">#4dffffff</color>
    <color name="mediapicker_view_background">H7_BACKGROUND</color>
    <color name="enable_primission_location_color">#80ffffff</color>
    <color name="others_tab_button_color">#80ffffff</color>   
    <color name="ic_sms_album_color">H7_COLOR_DIALER</color>
    <color name="gallery_image_album_default_background">H7_ACTIONBAR</color>
    <color name="duoqu_theme_color_3010">#ffffff</color>
    <color name="duoqu_theme_color_1000">#ffffff</color>
    <color name="duoqu_theme_color_5010">#80ffffff</color>
    <color name="duoqu_theme_color_3010">#ffffff</color>
    <color name="duoqu_bottom_button_text_color">H7_COLOR_DIALER</color>
    <color name="duoqu_bubble_bottom_text_unselected_color">H7_COLOR_DIALER</color>
    <color name="duoqu_btn_sms_color">H7_COLOR_DIALER</color>
    <color name="duoqu_show_card_color">H7_COLOR_DIALER</color>
    <color name="bcard_title_txt_color">#bfffffff</color>
    <color name="duoqu_actionbar_bg_color">H7_BACKGROUND</color>
    <color name="select_count_bg_solid_color">#33ffffff</color>
    <color name="select_count_text_color">#ffffff</color>
    <color name="function_tips_divider_color">#00ffffff</color>
    <color name="ic_public_bcak_color">H7_COLOR_DIALER</color>
    <color name="duoqu_preference_summary_text_color">#ffffff</color>
    <color name="duoqu_bubble_style_text_color">#ffffff</color>
    <color name="duoqu_setting_bottom_text_color">#80ffffff</color>
    <color name="duoqu_preference_split_line_color">#00ffffff</color>
    <color name="encrypted_sms_lock_unenable">#33ffffff</color>
    <color name="encrypted_sms_lock_off">#80ffffff</color>
    <color name="timestamp_color">#80ffffff</color>        
    <color name="text_color">#80ffffff</color>
    <color name="popup_normal_text_color">#ffffff</color>
    <drawable name="conversation_list_item_pressed_bg">#1affffff</drawable>
    <color name="group_name_show_color">#ffffff</color>
    <color name="tips_title_color">#ffffff</color>
    <color name="tips_summary_color">#80ffffff</color>
    <color name="mms_search_result_primary_text_color">#ffffff</color>
    <color name="rcs_guide_message_color">#ffffff</color>
    <color name="delivery_report_activity_color">H7_BACKGROUND</color>
    <color name="rcs_group_list_search_item_text_color">#ffffff</color>
    <color name="rcs_voice_icon_disable">#33ffffff</color>
    <color name="loading_text_color">#ffffff</color>
    <color name="others_tab_button_unenbale_color">#33ffffff</color>
    <color name="message_plus_about_greydot_color">#26ffffff</color>
    <color name="multisimcard_select_arrow_color">#4cffffff</color>
    <color name="alphaindexer_unselected_alpha_color">#4CFFFFFF</color>
    <color name="accent_emui">#FFFFFFFF</color>
    <color name="sim_title_color_primary_dark">#ffffff</color>
    <color name="mms_messagelist_background">H7_BACKGROUND</color>
    <color name="mediapicker_view_prev_view_split_bg_color">#4DFFFFFF</color>
    <color name="rcsgroup_pick_audio_color">#FFFFFF</color>
    <color name="navation_bar_white_color">H7_BACKGROUND</color>
    <color name="audiomessage_dialog_bg_color">#33ffffff</color>
    <color name="tips_bg_color">H7_BACKGROUND</color>
    <color name="teaser_main_text">#7fffffff</color>
	<color name="duoqu_web_nearby_point_load_more">H7_COLOR_DIALER</color>
	<color name="duoqu_feature_action_enable_tv_color">H7_COLOR_DIALER</color>
	<color name="duoqu_feature_action_not_enable_tv_color">H7_COLOR_DIALER_PRESS</color>
	<color name="duoqu_url_default_layout_click_to_load_tv_color">H7_COLOR_DIALER</color>
	<color name="cs_forget_password_text_color">H7_COLOR_DIALER</color>
	<color name="incoming_msg_text_color">H7_COLOR_DIALER</color>
	<color name="signview_selected_color">H7_COLOR_DIALER</color>
	<color name="message_pop_rcs_send_bg_color">H7_COLOR_DIALER</color>
	<color name="message_pop_rcs_send_bg_color_pressed">H7_COLOR_DIALER_PRESS</color>
	<color name="ic_unread_message_color">H7_COLOR_DIALER</color>
	<color name="ic_unread_message_mark_point_color">H7_COLOR_DIALER</color>
	<color name="menu_state_pressed_dark_icon">H7_COLOR_DIALER</color>
	<color name="menu_state_disabled_dark_icon">H7_COLOR_DIALER_DISABLED</color>
	<color name="menu_state_default_dark_icon">H7_COLOR_DIALER</color>
	<color name="message_list_item_cancle_count_color">H7_COLOR_DIALER</color>
	<color name="chips_bg_color">#198891b9</color>
	<color name="emoji_icon_checked_color">H7_COLOR_DIALER</color>
	<color name="gallery_image_album_default_background">#0c8891b9</color>
	<color name="attahcment_tab_text_selected">H7_COLOR_DIALER</color>
	<color name="attachment_tab_button_selected">H7_COLOR_DIALER</color>
	<color name="mediapicker_perimission_request_text_color">H7_COLOR_DIALER</color>
	<color name="ic_sms_album_color">H7_COLOR_DIALER</color>
	<color name="ic_public_bcak_color">H7_COLOR_DIALER</color>
	<color name="icon_top_bar_add_contact_color">H7_COLOR_DIALER</color>
	<color name="ic_public_call_color">H7_COLOR_DIALER</color>
	<color name="ic_public_ok_color">H7_COLOR_DIALER</color>
	<color name="ic_contact_no_group_color">H7_COLOR_DIALER</color>
	<color name="ic_public_detail_color">H7_COLOR_DIALER</color>
	<color name="mms_menu_item_blue_color">H7_COLOR_DIALER</color>
	<color name="mms_ic_save_color">H7_COLOR_DIALER</color>
	<color name="ic_sms_read_list_background">H7_COLOR_DIALER</color>
	<color name="rcs_creat_group_chat_normal_color">H7_COLOR_DIALER</color>
	<color name="rcs_ic_group_member_add_pressed">H7_COLOR_DIALER</color>
	<color name="rcs_group_chat_add_button_background_color">#0d8891b9</color>
	<color name="rcs_group_chat_add_button_background_stroke_color">H7_COLOR_DIALER</color>
	<color name="menu_state_disabled_dark_icon_on_actionbar">H7_COLOR_DIALER_DISABLED</color>
	<color name="menu_state_pressed_dark_icon_on_actionbar">H7_COLOR_DIALER</color>
	<color name="menu_state_default_dark_icon_on_actionbar">H7_COLOR_DIALER</color>
	<color name="mms_stop_btn_color">H7_COLOR_DIALER</color>
	<color name="mms_play_btn_color">H7_COLOR_DIALER</color>
	<color name="message_notice_button_highlight_color">H7_COLOR_DIALER</color>
	<color name="accent_emui">H7_COLOR_DIALER</color>
	<color name="rcs_message_list_invite_btn_receive">H7_COLOR_DIALER</color>
	<color name="ic_shortcut_message_new_color">H7_COLOR_DIALER</color>
	<color name="message_plus_about_bluedot_color">H7_COLOR_DIALER</color>
	<color name="ic_clear_normal_icon_color">H7_COLOR_DIALER</color>
	<color name="rcs_rootstrap_action_image">H7_COLOR_DIALER</color>
	<color name="rcs_voice_icon_color">H7_COLOR_DIALER</color>
	<color name="rcsgroup_pick_audio_color">H7_COLOR_DIALER</color>
	<color name="cursor_color">H7_COLOR_DIALER</color>
	<color name="encrypted_sms_text_color">H7_COLOR_DIALER</color>
	<color name="ic_switchsimcard_forecard_rcs_bg_color">H7_COLOR_DIALER</color>
	<color name="radiobution_checked_color_inner">H7_COLOR_DIALER</color>

</resources>
