<?xml version="1.0" encoding="UTF-8"?><resources>
	<color name="emui_fab_bg">H7_ACCENT_COLOR</color>
	<color name="emui_fab_bg_dark">H7_ACCENT_COLOR</color>
	<color name="emui_fab_pressed">H7_ACCENT_COLOR_PRESS</color>
	<color name="emui_fab_pressed_dark">H7_ACCENT_COLOR</color>
    <color name="emui_white">H7_BACKGROUND</color>
    <color name="fab_background_color">H7_ACTIONBAR</color>
    <color name="floating_action_color_inner">H7_ACTIONBAR</color>
    <color name="muslim_button_text_color_green">H7_ACCENT_COLOR</color>
    <color name="muslim_clock_button_disable_text_color">H7_ACCENT_COLOR_DISABLED</color>
    <color name="muslim_updatetime_text_color">H7_ACCENT_COLOR</color>
    <color name="picked_time_blue_color">H7_ACCENT_COLOR</color>
    <color name="shape_gradient_start_color">H7_BACKGROUND</color>
    <color name="swipe_item_bg">H7_ACTIONBAR</color>
    <color name="timer_circle_start">H7_ACCENT_COLOR_PRESS</color>
    <color name="timer_line_end">H7_ACCENT_COLOR_DISABLED</color>
    <color name="timer_line_start">H7_ACCENT_COLOR</color>
    <color name="timer_pick_start_color">H7_ACTIONBAR</color>
</resources>