<?xml version="1.0" encoding="utf-8"?>

<MIUI_Theme_Values template="DarkTemplate">
	<color name="qs_tile_icon_bg_enabled_color">H7_COLOR_SYSTEMUI</color>
	<color name="qs_brightness_progress_color">H7_COLOR_SYSTEMUI</color>
	<color name="recent_dock_view_background_color_pressed">#33ffffff</color>
	<color name="sliding_btn_slider_off_normal_color_light" package="miui">#ffffffff</color>
	<color name="fold_dividing_line_color">#19ffffff</color>
	<color name="notification_media_action_color">#e6ffffff</color>
	<color name="status_bar_expanded_weather">#ffffffff</color>
	<color name="notification_actions_button_color">H7_COLOR_SYSTEMUI</color>
	<color name="notification_guts_bg_color">H7_COLOR_QSBG</color>
	<color name="recents_dock_btn_text_color">#ccffffff</color>
	<bool name="expanded_status_bar_darkmode">false</bool>
	<color name="qs_tile_label_text_color_secondary">#4dffffff</color>
	<color name="qs_tile_icon_disabled_color">#ffffffff</color>
	<color name="sliding_btn_slider_on_pressed_color_light" package="miui">#ffffffff</color>
	<color name="fold_footer_text_color">#e6ffffff</color>
	<color name="qs_panel_expand_indicator_color">#33ffffff</color>
	<color name="task_manager_no_recents_text">#66ffffff</color>
	<color name="notification_in_call_caller_name_color">#e6ffffff</color>
	<color name="recent_tick_anim_color">H7_COLOR_SYSTEMUI</color>
	<color name="secondary_text_default_material_dark" package="android">#e6ffffff</color>
	<color name="qs_detail_item_primary_text_color">#e6ffffff</color>
	<color name="notification_in_call_caller_info_color">#99ffffff</color>
	<color name="recent_dock_view_background_color">#19ffffff</color>
	<color name="qs_detail_buttons_text_color">#e6ffffff</color>
	<color name="qs_brightness_background_color">H7_COLOR_QSBG</color>
	<color name="optimized_heads_up_notification_text">#e6ffffff</color>
	<color name="qs_detail_item_selected_color">H7_COLOR_SYSTEMUI</color>
	<color name="qs_footer_data_usage_divider_color">#19ffffff</color>
	<color name="notification_overflow_number_color">#e6ffffff</color>
	<color name="qs_tile_label_text_color">#e6ffffff</color>
	<color name="qs_detail_empty_icon_color">#66ffffff</color>
	<color name="sliding_btn_slider_off_pressed_color_light" package="miui">#ffffffff</color>
	<color name="qs_detail_title_text_color">#e6ffffff</color>
	<color name="notification_panel_background_keyguard">#32ffffff</color>
	<color name="sliding_button_bar_off_light" package="miui">#26ffffff</color>
	<color name="qs_detail_empty_text_color">#66ffffff</color>
	<color name="qs_divider_color">#19ffffff</color>
	<color name="sliding_button_bar_on_light" package="miui">H7_COLOR_SYSTEMUI</color>
	<color name="qs_footer_data_usage_text_color">#66ffffff</color>
	<color name="hybrid_overflow_number_bg">#19ffffff</color>
	<color name="qs_detail_item_secondary_text_color">#99ffffff</color>
	<color name="notification_setting_button_color">H7_COLOR_SYSTEMUI</color>
	<color name="recent_menu_bg_color">#ffffffff</color>
	<color name="txt_memory_info_color">#ccffffff</color>
	<color name="qs_tile_icon_bg_disabled_color">#19ffffff</color>
	<color name="recent_menu_bg_pressed_color">#ffcccccc</color>
	<color name="sliding_btn_slider_on_normal_color_light" package="miui">#ffffffff</color>
	<color name="task_manager_text">#e6ffffff</color>
	<color name="optimized_heads_up_notification_action_text">#e6ffffff</color>
	<color name="notification_expanded_bg_divider_color">#19ffffff</color>
	<color name="fold_header_text_color">#e6ffffff</color>
	<color name="qs_tile_icon_border_color">#00ffffff</color>
	<color name="qs_tile_icon_enabled_color">H7_COLOR_SYSTEMUI_ICONS</color>
	<color name="qs_tile_app_label_text_color">#66ffffff</color>
	<color name="notification_heads_up_bg_color">#ff222222</color>
	<color name="qs_page_indicator_dot_color">#e6ffffff</color>
	<color name="qs_customize_title_text_color">#ffffffff</color>


	<color name="notification_panel_background">H7_COLOR_QSBG</color>
	<color name="notification_material_background_color">H7_COLOR_QSBG</color>
	<color name="notification_shade_background_color">H7_COLOR_QSBG</color>
	<color name="qs_detail_background_color">H7_COLOR_QSBG</color>
	<color name="qs_panel_background_color">H7_COLOR_QSBG</color>
  
</MIUI_Theme_Values>
