﻿<?xml version="1.0" encoding="utf-8"?>

<resources>
    <color name="privacy_text_color">H7_ACCENT_COLOR</color>
    <color name="actionbar_color">#ffffff</color>
    <color name="ic_list_deletedColor">H7_ACCENT_COLOR</color>
    <color name="blue">H7_ACCENT_COLOR</color>
    <color name="main_activity_divider_color">#26ffffff</color>
    <color name="back_action_color">H7_ACCENT_COLOR</color>
    <color name="seach_action_bar_color">H7_ACTIONBAR</color>
    <color name= "gray">#26ffffff</color>
    <color name="black_alpha_50">#80ffffff</color>
    <color name="black_alpha_60">#FFFFFF</color>
    <color name="black_alpha_75">#bfffffff</color>
    <color name="preference_divider_color">#26ffffff</color>
    <color name="category_name_color">#ffffff</color>
    <color name="pb_color">H7_ACCENT_COLOR</color>
    <color name="stat_list_item_divider_color">#26ffffff</color>
    <color name="pb_endColor">#26eeeeee</color>
    <color name="pb_startColor">#26eeeeee</color>
    <color name="emui_black">#ffffff</color>
    <color name="emui_text_dark">#ffffff</color>
    <color name="emui_secondary_text">#ffffff</color>
    <color name="emui_primary_text">#ffffff</color>
    <color name="white">H7_ACTIONBAR</color>
    <color name="app_usage_font_color">#80ffffff</color>
    <color name="preference_divider_color">#00000000</color>
    <color name="preference_divider_bold">#26ffffff</color>
    <color name="navigation_bar_color_menu">H7_BACKGROUND</color>
    <color name="navigation_bar_color">00000000</color>
    <drawable name="pin_edittext_background">00000000</drawable>
    <color name="pin_edittext_circle_color">#E6E6E6</color>
    <color name="pin_head_text_color">#FFFFFF</color>
    <color name="swipe_background_color_normal">H7_ACTIONBAR</color>
    <color name="swipe_background_color_press">H7_BACKGROUND</color>
    <color name="emui_white">H7_ACTIONBAR</color>
    <color name="ic_color">#FFFFFF</color>
    <color name="right_more">H7_BACKGROUND</color>
    <color name="bottom_item_bg">H7_BACKGROUND</color>
    <color name="query_highlight">H7_ACCENT_COLOR</color>
    <color name="text_color">#1596D1</color>
    <color name="linechart_fill_end">H7_ACCENT_COLOR_PRESS</color>
    <color name="linechart_grid">H7_BACKGROUND</color>
    <color name="dialog_text_color">#A6A6A6</color>
    <color name="text_disable">#BABABA</color>
    <color name="text_enable">#ffffff</color>
</resources>
