<?xml version="1.0" encoding="utf-8"?>
<resources>
    <!--<color name="record_button_normal_color">H7_ACCENT_COLOR</color>-->
    <color name="record_button_normal_actionbar_color">H7_ACCENT_COLOR</color>
    <color name="record_title_text_color">#FFFFFF</color>
    <color name="record_file_text_title_color">#80ffffff</color>
    <color name="record_listitem_title_background">#FFFFFF</color>
    <!--<color name="guide_blue_color">H7_ACCENT_COLOR</color>-->
    <!--<color name="guide_gray_color">#33ffffff</color>-->
    <color name="recorder_background_color">#707070</color>
    <!--<color name="select_line_color">H7_ACCENT_COLOR</color>-->
    <!--<color name="unselect_line_color">#33ffffff</color>-->
    <!--<color name="wave_view_tag_color">#009FFB</color>-->
    <!--<color name="record_file_text_color">#80ffffff</color>-->
    <!--<color name="record_listitem_background">#FFFFFF</color>-->
    <color name="seek_bar_background">#80ffffff</color>
    <color name="speech_circle_small_color">#FF707070</color>
    <color name="speech_circle_big_color">#707070</color>
    <color name="white_color">#707070</color>
    <color name="speech_round_circle_gray">#707070</color>
    <!--<color name="lrc_tag_highlight_color">H7_ACCENT_COLOR</color>-->
    <!--<color name="lrc_text_color">#FFFFFF</color>-->
    <color name="lrc_text_normal_color">#FFFFFF</color>
    <color name="lrc_item_time_text_color">#80FFFFFF</color>
    <color name="black_29">#80FFFFFF</color>
    <color name="black_27">#80FFFFFF</color>
    <color name="record_duration_text_color">#80FFFFFF</color>
    <color name="main_scren_progress_circle_color">#80FFFFFF</color>
    <color name="main_scren_circle_degree_background">#80FFFFFF</color>
    <color name="main_scren_circle_first_color">#80FFFFFF</color>
    <!--<color name="no_record_file_color">#80FFFFFF</color>-->
    <color name="mode_type_color">#80FFFFFF</color><!-- 50% -->
    <color name="record_tag_time_text_color">H7_ACCENT_COLOR</color>
    <!--<color name="wave_view_tag_color">H7_ACCENT_COLOR</color>-->
    <!--<color name="text_view_drawable_color">#4DFFFFFF</color>&lt;!&ndash; 30% &ndash;&gt;-->
    <color name="lrc_list_divider_color">#26FFFFFF</color>
    <color name="circle_radius_color">#707070</color>
    <color name="main_scren_circle_first_shader_color0">#33FFFFFF</color>
    <color name="main_scren_circle_first_shader_color1">#33FFFFFF</color>
    <color name="dot_shape_dark_grey_color">#80FFFFFF</color>
    <color name="dot_shape_grey_color">#4DFFFFFF</color>
    <color name="playback_speech_mask_tips_color">#80FFFFFF</color>
    <color name="tip_check_color">#80FFFFFF</color>
    <color name="gray_reveal_paint">#80FFFFFF</color>
    <!--<color name="text_highlight_color">H7_ACCENT_COLOR</color>-->
    <color name="tag_edit_background_color">#707070</color>
    <color name="edittext_background">#0dffffff</color>
    <color name="playing_cicle_unselect_color">#66FFFFFF</color>
    <color name="direction_ball_background_unselect_color">#707070</color>
	
	
    <color name="record_button_normal_color">H7_ACCENT_COLOR</color>
    <color name="record_button_normal_actionbar_color">H7_ACCENT_COLOR</color>
    <color name="record_title_text_color">#FFFFFF</color>
    <color name="record_file_text_title_color">#80ffffff</color>
    <color name="record_listitem_title_background">#FFFFFF</color>
    <color name="guide_blue_color">H7_ACCENT_COLOR</color>
    <color name="guide_gray_color">#33ffffff</color>
    <color name="recorder_background_color">H7_BACKGROUND</color>
    <color name="select_line_color">H7_ACCENT_COLOR</color>
    <color name="unselect_line_color">#33ffffff</color>
    <color name="wave_view_tag_color">H7_ACCENT_COLOR</color>
    <color name="record_file_text_color">#80ffffff</color>
    <color name="record_listitem_background">#FFFFFF</color>
    <color name="seek_bar_background">#80ffffff</color>
    <color name="speech_circle_small_color">H7_BACKGROUND</color>
    <color name="speech_circle_big_color">H7_BACKGROUND</color>
    <color name="white_color">H7_BACKGROUND</color>
    <color name="speech_round_circle_gray">H7_ACTIONBAR</color>
    <color name="lrc_tag_highlight_color">H7_ACCENT_COLOR</color>
    <color name="lrc_text_color">#FFFFFF</color>
    <color name="lrc_text_normal_color">#FFFFFF</color>
    <color name="lrc_item_time_text_color">#80FFFFFF</color>
    <color name="black_29">#80FFFFFF</color>
    <color name="black_27">#80FFFFFF</color>
    <color name="record_duration_text_color">#80FFFFFF</color>
    <color name="main_scren_progress_circle_color">#80FFFFFF</color>
    <color name="main_scren_circle_degree_background">#80FFFFFF</color>
    <color name="main_scren_circle_first_color">#80FFFFFF</color>
    <color name="no_record_file_color">#80FFFFFF</color>
    <color name="mode_type_color">#80FFFFFF</color>
    <color name="record_tag_time_text_color">H7_ACCENT_COLOR</color>
    <color name="wave_view_tag_color">H7_ACCENT_COLOR</color>
    <color name="text_view_drawable_color">#4DFFFFFF</color>
    <color name="lrc_list_divider_color">#26FFFFFF</color>
    <color name="circle_radius_color">H7_BACKGROUND</color>
    <color name="main_scren_circle_first_shader_color0">#33FFFFFF</color>
    <color name="main_scren_circle_first_shader_color1">#33FFFFFF</color>
    <color name="dot_shape_dark_grey_color">#80FFFFFF</color>
    <color name="dot_shape_grey_color">#4DFFFFFF</color>
    <color name="playback_speech_mask_tips_color">#80FFFFFF</color>
    <color name="tip_check_color">#80FFFFFF</color>
    <color name="gray_reveal_paint">#80FFFFFF</color>
    <color name="text_highlight_color">H7_ACCENT_COLOR</color>
    <color name="tag_edit_background_color">H7_BACKGROUND</color>
    <color name="edittext_background">#0dffffff</color>
    <color name="playing_cicle_unselect_color">#66FFFFFF</color>
    <color name="direction_ball_background_unselect_color">H7_BACKGROUND</color>
    <color name="recorder_button_bg_press">H7_ACTIONBAR</color>
    <color name="recorder_button_bg">#4D4D4D</color>
	
</resources>