<?xml version="1.0" encoding="UTF-8"?><resources>
	<color name="emui_color_fg_inverse">H7_ICONS_COLOR_SETTINGS</color>
	
	<color name="emui_color_1">#ff3f56ea</color>
    <color name="emui_color_2">#ff00aaee</color>
    <color name="emui_color_3">#ff00bfc9</color>
    <color name="emui_color_4">#ff47cc47</color>
    <color name="emui_color_5">#ff8cd600</color>
    <color name="emui_color_6">#ff8a2be2</color>
    <color name="emui_color_7">#ffe40078</color>
    <color name="emui_color_8">#fffa2a2d</color>
    <color name="emui_color_9">#ffff7500</color>
    <color name="emui_color_10">#ffff9800</color>
    <color name="emui_color_11">#ffffbf00</color>
	
	
	<color name="emui_color_1_dark">#ff3f56ea</color>
    <color name="emui_color_1_translucent">#ff3f56ea</color>
    <color name="emui_color_2_dark">#ff00aaee</color>
    <color name="emui_color_2_translucent">#ff00aaee</color>
    <color name="emui_color_3_dark">#ff00bfc9</color>
    <color name="emui_color_3_translucent">#ff00bfc9</color>
    <color name="emui_color_4_dark">#ff47cc47</color>
    <color name="emui_color_4_translucent">#ff47cc47</color>
    <color name="emui_color_5_dark">#ff8cd600</color>
    <color name="emui_color_5_translucent">#ff8cd600</color>
    <color name="emui_color_6_dark">#ff8a2be2</color>
    <color name="emui_color_6_translucent">#ff8a2be2</color>
    <color name="emui_color_7_dark">#ffe40078</color>
    <color name="emui_color_7_translucent">#ffe40078</color>
    <color name="emui_color_8_dark">#fffa2a2d</color>
    <color name="emui_color_8_translucent">#fffa2a2d</color>
    <color name="emui_color_9_dark">#ffff7500</color>
    <color name="emui_color_9_translucent">#ffff7500</color>
	<color name="emui_color_10_dark">#ffff9800</color>
    <color name="emui_color_10_translucent">#ffff9800</color>
	<color name="emui_color_11_dark">#ffffbf00</color>
    <color name="emui_color_11_translucent">#ffffbf00</color>
	
	<color name="emui_functional_blue">H7_COLOR_SETTINGS</color>
	<color name="emui_functioanl_blue_dark">H7_COLOR_SETTINGS</color>
	<color name="emui_functional_red">H7_COLOR_SETTINGS</color>
	<color name="searchview_cursor_color_emui">H7_COLOR_SETTINGS</color>
	<color name="emui_color_gray_8">H7_COLOR_SETTINGS</color>
	<color name="emui_switch_bg_on">H7_COLOR_SETTINGS</color>
	<color name="emui_progress">H7_COLOR_SETTINGS</color>
	<color name="emui_control_hightlight">H7_COLOR_SETTINGS</color>
	<color name="emui_subtab_text_on">H7_COLOR_SETTINGS</color>
	<color name="emui_subtab_line_on">H7_COLOR_SETTINGS</color>
	<color name="emui_bottombar_icon_on">H7_COLOR_SETTINGS</color>
	<color name="emui_bottombar_text_on">H7_COLOR_SETTINGS</color>
	<color name="emui_checkbox_boxedge">H7_COLOR_SETTINGS</color>
	<color name="emui_switch_outline_off">H7_COLOR_SETTINGS</color>
	<color name="accent_emui_emphasize">H7_COLOR_SETTINGS</color>
	<color name="accent_emui_emphasize_pressed">H7_COLOR_SETTINGS</color>
	<color name="accent_emui_emphasize_disabled">H7_COLOR_SETTINGS_DISABLED</color>
	<color name="accent_on_disable_emui">H7_COLOR_SETTINGS_DISABLED</color>
	<color name="accent_on_disable_dark_emui">H7_COLOR_SETTINGS_DISABLED</color>
	<color name="accent_on_dark_emui">H7_COLOR_SETTINGS</color>
	<color name="switch_on_disable_dark_emui">H7_COLOR_SETTINGS_DISABLED</color>
	<color name="clone_app_mark_bg_color">H7_COLOR_SETTINGS</color>
	<color name="mw_divide_bg">H7_COLOR_SETTINGS</color>
	<color name="emui_master_color_5">H7_COLOR_SETTINGS</color>
	<color name="sub_tab_border_emui">H7_COLOR_SETTINGS</color>
	<color name="sub_tab_entity_emui">H7_COLOR_SETTINGS</color>
	<color name="notification_expandbutton_progressbar_honor">H7_COLOR_SETTINGS</color>
	<color name="notification_expandbutton_progressbar">H7_COLOR_SETTINGS</color>
	<color name="ic_menu_download_normal_color">H7_COLOR_SETTINGS</color>
	<color name="searchview_cursor_color_emui_emphasize">H7_COLOR_SETTINGS</color>
	<color name="ic_menu_download_pressed_color">H7_COLOR_SETTINGS</color>
	<color name="actionbar_icon_blackback_pressed">H7_COLOR_SETTINGS</color>
	<color name="actionbar_icon_blackback">H7_COLOR_SETTINGS</color>
	<color name="shutdown_recommend_empha_text_color">H7_COLOR_SETTINGS</color>
	<color name="accent_on_disable_emphasize_emui">H7_COLOR_SETTINGS_DISABLED</color>
	<color name="btn_text_color_disabled_normal_emui_dark">H7_COLOR_SETTINGS_DISABLED</color>
	<color name="btn_text_color_normal_emui_dark">H7_COLOR_SETTINGS</color>
	<color name="emui_accent">H7_COLOR_SETTINGS</color>
	<color name="emui_accent_alpha_10">H7_COLOR_SETTINGS_DISABLED</color>
	<color name="emui_accent_dark">H7_COLOR_SETTINGS</color>
	<color name="game_notice_color">H7_COLOR_SETTINGS</color>
	<color name="hwtoolbar_menu_clicked_emui">H7_COLOR_SETTINGS</color>
	<color name="switch_on_disable_emphasize_emui">H7_COLOR_SETTINGS_DISABLED</color>
	<color name="tab_title_selected_pressed_emui">H7_COLOR_SETTINGS</color>
	<color name="tab_title_selected_pressed_emui_emphasize">H7_COLOR_SETTINGS</color>
	<color name="sub_tab_title_normal_pressed_emui_dark">H7_COLOR_SETTINGS_DISABLED</color>
	<color name="sub_tab_title_normal_emui_dark">H7_COLOR_SETTINGS</color>
	<color name="accent_emui_dark">H7_COLOR_SETTINGS</color>
	<color name="emui_list_separator_dark_default">H7_COLOR_SETTINGS</color>
	<color name="emui_blue_light">H7_COLOR_SETTINGS</color>
	<color name="emui_dialog_blue_light">H7_COLOR_SETTINGS</color>
	<color name="accent_emui_pressed">H7_COLOR_SETTINGS_PRESS</color>
	<color name="emui_master_color_mark_2">H7_COLOR_SETTINGS</color>
	<color name="emui_master_color_mark_2_alpha_70">H7_COLOR_SETTINGS_PRESS</color>
	<color name="emui_master_color_mark_2_alpha_20">H7_COLOR_SETTINGS_DISABLED</color>
	<color name="sub_tab_title_emui">H7_COLOR_SETTINGS</color>
	<color name="sub_tab_title_emui_dark">H7_COLOR_SETTINGS</color>
	<color name="sub_tab_title_emui_emphasize">H7_COLOR_SETTINGS</color>
	<color name="searchview_cursor_color_light_bg">H7_COLOR_SETTINGS</color>
 	<color name="action_bar_title_emui">H7_COLOR_SETTINGS</color>
	<color name="action_bar_title_emui_dark">H7_COLOR_SETTINGS</color>
 	<color name="tab_title_selected_emui_dark">H7_COLOR_SETTINGS</color>
 	<color name="accent_emui">H7_COLOR_SETTINGS</color>
 	<color name="accent_emui_text_hightlight">H7_COLOR_SETTINGS_DISABLED</color>
 	<color name="emui_dialog_title_text_Color">H7_COLOR_SETTINGS</color>
 	<color name="sub_tab_title_normal_pressed_emui_emphasize">H7_COLOR_SETTINGS_PRESS</color>
 	<color name="sub_tab_title_normal_emui_emphasize">H7_COLOR_SETTINGS_PRESS</color>
 	<color name="tab_title_selected_emui_emphasize">H7_COLOR_SETTINGS</color> 
 	<color name="emui_progressbar_loading_fill_color">H7_COLOR_SETTINGS</color>
	<color name="emui_highlighted_text">H7_COLOR_SETTINGS_DISABLED</color>
	<color name="emui_detail_text_pressed">H7_COLOR_SETTINGS</color>
	<color name="alphaindexer_selected_alpha_color">H7_COLOR_SETTINGS</color>
	<color name="tab_title_selected_emui">H7_COLOR_SETTINGS</color>
	<color name="tab_title_selected_pressed_emui">H7_COLOR_SETTINGS_PRESS</color>
	<color name="tab_title_selected_emui_emphasize">H7_COLOR_SETTINGS</color>
	<color name="tab_title_selected_pressed_emui_emphasize">H7_COLOR_SETTINGS</color>
	<color name="sub_tab_title_selected_pressed_emui">H7_COLOR_SETTINGS</color>
	<color name="sub_tab_title_selected_emui">H7_COLOR_SETTINGS</color>
	<color name="sub_tab_title_selected_pressed_emui_emphasize">H7_COLOR_SETTINGS</color>
	<color name="sub_tab_title_selected_emui_emphasize">H7_COLOR_SETTINGS</color>
	<color name="selected_text_item">H7_COLOR_SETTINGS</color>
	<color name="hw_handle_color">H7_COLOR_SETTINGS</color>
	<color name="accent_emui">H7_COLOR_SETTINGS</color>
	<color name="accent_emui_pressed">H7_COLOR_SETTINGS</color>
	<color name="accent_emui_text_hightlight">H7_COLOR_SETTINGS</color>	
</resources>