<?xml version="1.0" encoding="utf-8"?>
<hwthemes>
	<color name="divider_color">#00ffffff</color>
	<color name="setup_divider_color">#ff333333</color>
	<color name="wifi_assistant_color_accent">#ff009587</color>
	<color name="circle_avatar_frame_color">#ffffffff</color>
	<color name="circle_avatar_frame_shadow_color">#8ffffff0</color>
	<color name="circle_avatar_frame_pressed_color">#ffffffff</color>
	<color name="lock_pattern_view_regular_color">#ff37474f</color>
	<color name="lock_pattern_view_success_color">#7f08000e</color>
	<color name="lock_pattern_view_error_color">#fff4511e</color>
	<color name="unlock_pattern_view_regular_color">#0106000b</color>
	<color name="unlock_pattern_view_success_color">#7f08000e</color>
	<color name="unlock_pattern_view_error_color">#fff4511e</color>
	<color name="theme_primary">#ff263238</color>
	<color name="theme_primary_dark">#ff21272b</color>
	<color name="theme_accent">#ff8891b9</color>
	<color name="switch_accent_color">#ff7fcac3</color>
	<color name="emui_summary_text_dark_disabled">#ffb2b2b2</color>
	<color name="emui_text_summary_dark">#ffffffff</color>
	<color name="emui_list_summary_default">#ff595959</color>
	<color name="color_85_alpha">#daffffff</color>
	<color name="color_65_alpha">#a7ffffff</color>
	<color name="menu_state_pressed_dark_icon">#d922c4ff</color>
	<color name="menu_state_focused_dark_icon">#ff22c4ff</color>
	<color name="menu_state_selected_dark_icon">#ff22c4ff</color>
	<color name="menu_state_disabled_dark_icon">#3322c4ff</color>
	<color name="menu_state_default_dark_icon">#ff22c4ff</color>
	<color name="contact_svg_icon_base_red_color">#fff2301e</color>
	<color name="contact_svg_icon_base_black_color">#ffffffff</color>
	<color name="contact_svg_photo_base_white_color">#ffffffff</color>
	<color name="contact_svg_photo_base_grey_color">#ffcccccc</color>
	<color name="contact_svg_photo_base_grey_color_a">#ffcdcdcd</color>
	<color name="contact_svg_photo_base_grey_color_b">#ff757575</color>
	<color name="menu_selector_color_state_focused">#66ffffff</color>
	<color name="menu_selector_color_state_pressed">#66ffffff</color>
	<color name="menu_selector_color_state_enabled">#4effffff</color>
	<color name="menu_selector_color_state_default">#99ffffff</color>
	<color name="contact_svg_photo_base_grey_color_c">#ff5fa1e6</color>
	<color name="arrow_light_gray">#ffb8b8b8</color>
	<color name="arrow_gray">#ffb9b9b9</color>
	<color name="icon_emui_selector">#00000036</color>
	<color name="list_text_color_emui_summary">#00000004</color>
	<color name="menu_selector_color">#00000005</color>
</hwthemes>
