﻿<?xml version="1.0" encoding="utf-8"?>
<resources>
	<item type="drawable" name="notification_action_background_seletor">H7_BACKGROUND</item>
	<item type="drawable" name="notification_bg">H7_BACKGROUND</item>
	<item type="drawable" name="notification_bg_low">H7_BACKGROUND</item>
	<item type="drawable" name="notification_material_action_background">H7_BACKGROUND</item>
	<item type="drawable" name="notification_material_media_action_background">H7_BACKGROUND</item>
	<item type="drawable" name="notification_template_icon_low_bg">H7_BACKGROUND</item>
	<item type="drawable" name="screen_background_holo_dark">H7_BACKGROUND</item>
	<item type="drawable" name="screen_background_holo_light">H7_BACKGROUND</item>
	
	<color name="background_dark">H7_BACKGROUND</color>
	<color name="background_material_dark">H7_BACKGROUND</color>
	<color name="background_floating_material_dark">H7_BACKGROUND</color>
	<color name="notification_material_background_color">H7_BACKGROUND</color>


	<color name="primary_text_default_material_light">#ffafafaf</color>
	<color name="notification_default_color">#ffafafaf</color>
	<color name="notification_default_color_dark">#ffafafaf</color>
	<color name="notification_default_color_light">#ffafafaf</color>
	<color name="notification_event_text_color">#ffafafaf</color>
	<color name="notification_primary_text_color_dark">#ffafafaf</color>
	<color name="notification_primary_title_color">#ffafafaf</color>
	<color name="notification_secondary_text_color_dark">#ffa1a1a1</color>
	<color name="notification_sub_text_color">#ffa1a1a1</color>

	<color name="micro_text_light">#ffa1a1a1</color>
	<color name="emui_text_dark">#ffafafaf</color>

	<color name="system_notification_accent_color">#ffafafaf</color>	
	<color name="notification_default_color">#ffafafaf</color>	

	<color name="perms_costs_money">#ffafafaf</color>
	<color name="perms_dangerous_grp_color">#ffafafaf</color>
	<color name="perms_dangerous_perm_color">#ffafafaf</color>

	<color name="link_text_dark">#ffafafaf</color>
	<color name="link_text_holo_dark">#ffafafaf</color>
	<color name="link_text_holo_light">#ffafafaf</color>		 
	<color name="link_text_light">#ffafafaf</color>

	<color name="legacy_light_button_normal">#ffafafaf</color>
	<color name="legacy_light_button_pressed">#ffa1a1a1</color>
	<color name="legacy_light_control_activated">#ffafafaf</color>	

	<color name="group_button_dialog_focused_holo_dark">#ffafafaf</color>
	<color name="group_button_dialog_focused_holo_light">#ffafafaf</color>	 
	<color name="group_button_dialog_pressed_holo_dark">#ffa1a1a1</color>

	
	<color name="notification_secondary_text_color_light">#ffa1a1a1</color>
	<color name="notification_action_list_background_color">#ffafafaf</color> 
	<color name="notification_action_list">#ffafafaf</color> 
	<color name="notification_primary_text_color_light">#ffafafaf</color>
	<color name="primary_dark_device_default_dark">#ffafafaf</color>
	<color name="primary_dark_device_default_settings">#ffafafaf</color>
	<color name="primary_dark_device_default_settings_light">#ffafafaf</color>
	<color name="primary_dark_material_settings_light">#ffafafaf</color>
	<color name="primary_device_default_dark">#ffafafaf</color> 
	<color name="primary_device_default_settings">afafaf</color>
	<color name="primary_device_default_settings_light">#ffafafaf</color>
	<color name="primary_material_settings_light">#ffafafaf</color>
	<color name="secondary_text_default_material_light">#ffa1a1a1</color>
	<color name="secondary_text_leanback_dark">#ffa1a1a1</color>
	<color name="suggestion_highlight_text">#ffa1a1a1</color>  


    <color name="accent_device_default">H7_ACCENT_COLOR</color>
    <color name="chooser_gradient_background">H7_BACKGROUND</color>
    <color name="chooser_gradient_highlight">H7_BACKGROUND</color>
    <color name="chooser_row_divider">H7_BACKGROUND</color>
    <color name="notification_default_color_dark">#ddffffff</color>
    <color name="notification_primary_text_color_dark">#ddffffff</color>
    <color name="notification_secondary_text_color_dark">#b2ffffff</color>
    <color name="perm_group_drawable_color">#ffe6e6e6</color>
    <color name="user_icon_1">#ff2e2438</color>
    <color name="user_icon_2">#ff212b33</color>
    <color name="user_icon_3">#ff202e1e</color>
    <color name="user_icon_4">#ff332e1c</color>
    <color name="user_icon_5">#ff36221d</color>
    <color name="user_icon_6">#ff331f26</color>
    <color name="user_icon_default_gray">#ff616161</color>
    <color name="user_icon_default_white">#ff616161</color>

</resources>
