<?xml version="1.0" encoding="utf-8"?>
<resources>
    <color name="black_40">#66ffffff</color>
    <color name="black_30">#4Dffffff</color>
    <color name="red">#ff0000</color>
    <color name="notice_view_pad_background">H7_BACKGROUND</color>
    <color name="notice_view_background">H7_BACKGROUND</color>
    <color name="web_view_background">#ffffff</color>
    <color name="error_notice_view_background">#fef6f3</color>
    <color name="tab_text_color_normal">#ffffff</color>
    <color name="tab_text_color_selected">H7_ACCENT_COLOR</color>
    <color name="tab_text_imm_color_normal">#ffffff</color>
    <color name="tab_text_imm_color_selected">#ffffff</color>
    <color name="sub_tab_text_color_normal">#BFFFFFFF</color>
    <color name="sub_tab_text_color_selected">H7_ACCENT_COLOR</color>
    <color name="btn_highlight_bg_text_color_normal">#ffffff</color>
    <color name="section_title_text_color_normal">#ffffff</color>
    <color name="section_assist_text_color_normal">#80FFFFFF</color>
    <color name="section_sub_title_text_color_normal">#C0ffffff</color>
    <color name="auto_line_btn_text_color_normal">#C0ffffff</color>
    <color name="list_item_title_text_color_normal">#ffffff</color>
    <color name="list_item_content_text_color_normal">#80FFFFFF</color>
    <color name="list_item_hint_text_color_normal">#4DFFFFFF</color>
    <color name="edit_text_hint_color_normal">#4DFFFFFF</color>
    <color name="edit_text_color_normal">#ffffff</color>
    <color name="grid_item_title_text_color_normal">#ffffff</color>
    <color name="search_view_text_color_normal">#FFFFFF</color>
    <color name="search_view_text_hint_color_normal">#4DFFFFFF</color>
    <color name="search_view_imm_text_color_normal">#66000000</color>
    <color name="sliding_tab_text_color_normal">#ffffff</color>
    <color name="sliding_tab_text_color_selected">#ffffff</color>
    <color name="notice_view_default_text_color">#80FFFFFF</color>
    <color name="label_text_color_normal">#ffffff</color>
    <color name="label_hint_text_color_normal">#33FFFFFF</color>
    <color name="label_assist_text_color_normal">#80FFFFFF</color>
    <color name="label_highlight_text_color_normal">H7_ACCENT_COLOR</color>
    <color name="label_highlight_text_color_unable">#H7_ACCENT_COLOR_DISABLED</color>
    <color name="label_highlight_text_color_pressed">H7_ACCENT_COLOR</color>
    <color name="paragraph_text_color_normal">#ffffff</color>
    <color name="paragraph_assist_text_color_normal">#99ffffff</color>
    <color name="paragraph_edit_text_color_normal">#80FFFFFF</color>
    <color name="paragraph_highlight_text_color_normal">H7_ACCENT_COLOR</color>
    <color name="url_text_color_normal">H7_ACCENT_COLOR</color>
    <color name="error_text_color_normal">#FF3320</color>
    <color name="waring_text_color_normal">#FFBA1B</color>
    <color name="section_divider_color">#26FFFFFF</color>
    <color name="list_divider_color">#26FFFFFF</color>
    <color name="grid_divider_color">#26FFFFFF</color>
    <color name="tab_bg_color_normal">H7_BACKGROUND</color>
    <color name="tab_imm_bg_color_normal">#01000000</color>
    <color name="tab_slider_bg_color_normal">#26FFFFFF</color>
    <color name="tab_slider_bg_color_selected">H7_ACCENT_COLOR</color>
    <color name="tab_slider_imm_bg_color_normal">#FFFFFFFF</color>
    <color name="tab_slider_imm_bg_color_selected">H7_BACKGROUND00</color>
    <color name="sub_tab_bg_color_normal">H7_BACKGROUND00</color>
    <color name="sub_tab_bg_color_selected">#268891b9</color>
    <color name="sub_tab_stroke_color_normal">#4D8891b9</color>
    <color name="sliding_tab_bg_color_normal">#33FFFFFF</color>
    <color name="sliding_tab_bg_color_selected">H7_ACCENT_COLOR</color>
    <color name="edit_bg_color_normal">#26FFFFFF</color>
    <color name="section_background_color_normal">#14ffffff</color>
    <color name="list_item_selector_color">#19FFFFFF</color>
    <color name="message_dot_bg_color">#ff0000</color>
    <color name="color_point">#E5ebebeb</color>
    <color name="color_point_default">#7febebeb</color>
    <color name="member_growth_line_start">#FFC65EFF</color>
    <color name="member_growth_line_end">#FF9BD4FF</color>
    <color name="member_growth_circle_color">#26ffffff</color>
    <color name="member_growth_circle_filled_color">#fcfcfc</color>
    <color name="member_growth_vertical_line_color">#ffffff</color>
    <color name="member_growth_text_color_normal">#80000000</color>
    <color name="image_view_bg_color_normal">#F4F4F4</color>
    <color name="image_view_cover_color_normal">#0Dffffff</color>
    <color name="wave_side_bar_text_color">#808080</color>
    <color name="personal_actionbar_right_color">#ffffff</color>
    <color name="black_35">#59ffffff</color>
</resources>
