<?xml version="1.0" encoding="utf-8"?>
<hwthemes>

	<color name="grant_permissions_app_color">#808080</color>
	<color name="grant_permissions_progress_color">#808080</color>
	<color name="grant_permissions_title_color">#808080</color>
	<color name="grant_permissions_body_color">#808080</color>
	<color name="grant_permissions_button_color">#808080</color>
	<color name="grant_permissions_focus_highlight">#808080</color>
	<color name="grant_permissions_white_text_alpha_100">#808080</color>
	<color name="grant_permissions_white_text_alpha_70">#808080</color>
	<color name="permissions_settings_item_color">#808080</color>

</hwthemes>
