<?xml version="1.0" encoding="UTF-8"?><MIUI_Theme_Values template="DarkTemplate">
  <color name="hint_edit_text_dialog_color_light" package="miui">#66ffffff</color>
  <color name="preference_secondary_text_color_pressed_light" package="miui">#99ffffff</color>
  <color name="dropdown_popup_list_text_color_pressed_light" package="miui">#e6ffffff</color>
  <color name="list_text_color_checked_light" package="miui">H7_ACCENT_COLOR</color>
  <color name="edit_text_color_light" package="miui">#e6ffffff</color>
  <integer name="checkwidget_background_normal_alpha_light" package="miui">25</integer>
  <color name="dialog_list_text_color_normal_light" package="miui">#e6ffffff</color>
  <color name="cloud_status_disabled_text_color_light" package="miui">H7_ACCENT_COLOR</color>
  <color name="divider_color_light" package="miui">#0dffffff</color>
  <color name="button_text_color_light" package="miui">#e6ffffff</color>
  <color name="word_photo_color" package="miui">#f4ffffff</color>
  <integer name="checkwidget_stroke_normal_alpha_light" package="miui">50</integer>
  <color name="text_edit_action_popup_more_normal_light" package="miui">H7_ACCENT_COLOR</color>
  <color name="checkbox_btn_on_background_color_light" package="miui">H7_ACCENT_COLOR</color>
  <color name="button_text_color_guide_normal_light" package="miui">H7_ACCENT_COLOR</color>
  <color name="action_mode_button_text_color_normal_light" package="miui">#e6ffffff</color>
  <color name="preference_category_text_color_light" package="miui">#99ffffff</color>
  <color name="quick_contact_name_text_color" package="miui">#e6ffffff</color>
  <color name="alphabet_indexer_text_color" package="miui">#66ffffff</color>
  <color name="text_edit_action_popup_summary_normal_light" package="miui">#99ffffff</color>
  <color name="dim_foreground_light" package="miui">#99ffffff</color>
  <color name="immersion_text_color_normal_light" package="miui">#e6ffffff</color>
  <color name="dialog_bg_color_light" package="miui">H7_BACKGROUND</color>
  <bool name="check_widget_anim_enable" package="miui">false</bool>
  <color name="highlight_disabled_light" package="miui">H7_ACCENT_COLOR</color>
  <color name="button_text_color_dialog_light" package="miui">#e6ffffff</color>
  <integer name="window_translucent_status" package="miui">2</integer>
  <color name="edit_text_search_hint_color_light" package="miui">#66ffffff</color>
  <color name="button_text_color_dialog_disabled_light" package="miui">#4cffffff</color>
  <color name="alphabet_indexer_overlay_text_color" package="miui">#ffffffff</color>
  <color name="svg_icon_color_red_normal_light" package="miui">#ffff2a48</color>
  <color name="list_item_bg_color_pressed_light" package="miui">#0dffffff</color>
  <color name="text_select_item_bg_color_pressed_light" package="miui">#0dffffff</color>
  <color name="dialog_message_text_color_light" package="miui">#99ffffff</color>
  <color name="cloud_status_highlight_text_color_light" package="miui">H7_ACCENT_COLOR</color>
  <color name="preference_primary_text_color_pressed_light" package="miui">#e6ffffff</color>
  <color name="action_mode_button_text_color_disable_light" package="miui">#4cffffff</color>
  <color name="text_edit_action_popup_info_normal_light" package="miui">#66ffffff</color>
  <color name="list_view_item_group_header_text_light" package="miui">#99ffffff</color>
  <color name="blank_page_text_color_light" package="miui">#66ffffff</color>
  <color name="sliding_button_bar_off_light" package="miui">#26ffffff</color>
  <color name="action_button_text_color_disable_light" package="miui">#4cffffff</color>
  <color name="dropdown_popup_list_item_bg_pressed_light" package="miui">#0dffffff</color>
  <color name="immersion_text_color_pressed_light" package="miui">#e6ffffff</color>
  <color name="sliding_button_bar_on_light" package="miui">H7_ACCENT_COLOR</color>
  <color name="numberpicker_label" package="miui">H7_ACCENT_COLOR</color>
  <color name="preference_primary_text_color_light" package="miui">#e6ffffff</color>
  <color name="checkbox_btn_on_foreground_color_light" package="miui">#ffffffff</color>
  <color name="list_secondary_text_color_pressed_light" package="miui">#99ffffff</color>
  <color name="action_bar_subtitle_text_light" package="miui">#99ffffff</color>
  <color name="list_secondary_text_color_disable_light" package="miui">#4cffffff</color>
  <color name="edit_text_search_color_light" package="miui">#e6ffffff</color>
  <color name="svg_icon_color_normal_light" package="miui">#e6ffffff</color>
  <color name="list_text_color_normal_light" package="miui">#e6ffffff</color>
  <color name="list_text_color_disable_light" package="miui">#4cffffff</color>
  <color name="action_button_text_color_normal_light" package="miui">#e6ffffff</color>
  <color name="text_edit_action_popup_title_normal_light" package="miui">#e6ffffff</color>
  <color name="svg_icon_color_blue_selected_light" package="miui">H7_ACCENT_COLOR</color>
  <color name="checkbox_btn_disable_background_color_light" package="miui">#ffffffff</color>
  <color name="text_edit_action_popup_text_pressed" package="miui">H7_ACCENT_COLOR</color>
  <color name="edit_text_dialog_color_normal_light" package="miui">#e6ffffff</color>
  <color name="list_secondary_text_color_checked_light" package="miui">H7_ACCENT_COLOR</color>
  <color name="svg_icon_color_pressed_light" package="miui">#99ffffff</color>
  <color name="sliding_btn_slider_off_normal_color_light" package="miui">#ffffffff</color>
  <color name="preference_secondary_text_color_light" package="miui">#99ffffff</color>
  <color name="search_action_mode_cancel_text_color_pressed" package="miui">#99ffffff</color>
  <color name="dropdown_popup_list_text_color_disabled_light" package="miui">#4cffffff</color>
  <color name="dropdown_popup_list_item_bg_normal_light" package="miui">#00ffffff</color>
  <color name="numberpicker_highlight_text" package="miui">H7_ACCENT_COLOR</color>
  <color name="preference_primary_text_color_disable_light" package="miui">#4cffffff</color>
  <integer name="checkwidget_stroke_disable_alpha_light" package="miui">25</integer>
  <color name="highlight_normal_light" package="miui">H7_ACCENT_COLOR</color>
  <color name="alphabet_indexer_activated_text_color" package="miui">#99ffffff</color>
  <color name="sliding_btn_slider_on_pressed_color_light" package="miui">#ffffffff</color>
  <color name="numberpicker_hint_text" package="miui">#99ffffff</color>
  <color name="preference_secondary_text_color_disable_light" package="miui">#4cffffff</color>
  <color name="text_select_item_bg_color_normal_light" package="miui">#00ffffff</color>
  <color name="list_secondary_text_color_normal_light" package="miui">#99ffffff</color>
  <color name="svg_icon_color_blue_disable_light" package="miui">#4cffffff</color>
  <color name="checkbox_btn_stroke_color_light" package="miui">#ffffffff</color>
  <color name="text_edit_action_popup_text_normal" package="miui">#e6ffffff</color>
  <color name="svg_icon_color_red_pressed_light" package="miui">#99ffffff</color>
  <color name="dropdown_popup_list_text_color_normal_light" package="miui">#e6ffffff</color>
  <color name="highlight_pressed_light" package="miui">H7_ACCENT_COLOR</color>
  <color name="button_text_color_guide_disabled_light" package="miui">#4cffffff</color>
  <color name="dialog_list_text_color_pressed_light" package="miui">#e6ffffff</color>
  <color name="dropdown_popup_list_text_color_checked_light" package="miui">H7_ACCENT_COLOR</color>
  <color name="dialog_list_text_color_disabled_light" package="miui">#4cffffff</color>
  <color name="action_mode_button_text_color_selected_light" package="miui">H7_ACCENT_COLOR</color>
  <color name="action_button_text_color_selected_light" package="miui">H7_ACCENT_COLOR</color>
  <color name="sliding_btn_slider_off_pressed_color_light" package="miui">#ffffffff</color>
  <color name="bright_foreground_light" package="miui">#e6ffffff</color>
  <color name="action_mode_title_text_color_light" package="miui">#e6ffffff</color>
  <color name="action_mode_button_text_color_pressed_light" package="miui">#99ffffff</color>
  <color name="dialog_title_text_color" package="miui">#e6ffffff</color>
  <color name="action_bar_title_text_color_light" package="miui">#e6ffffff</color>
  <color name="action_button_text_color_pressed_light" package="miui">#99ffffff</color>
  <color name="svg_icon_color_red_disable_light" package="miui">#4cffffff</color>
  <color name="search_action_mode_cancel_text_color_normal" package="miui">#e6ffffff</color>
  <color name="immersion_text_color_disable_light" package="miui">#4cffffff</color>
  <integer name="checkwidget_background_disable_alpha_light" package="miui">12</integer>
  <color name="sliding_btn_slider_on_normal_color_light" package="miui">#ffffffff</color>
  <color name="list_text_color_pressed_light" package="miui">#e6ffffff</color>
  <color name="svg_icon_color_disable_light" package="miui">#4cffffff</color>
  <color name="cloud_status_normal_text_color_light" package="miui">H7_ACCENT_COLOR</color>
</MIUI_Theme_Values>