<?xml version="1.0" encoding="utf-8"?>

<resources>
    <color name="color_ic_edit_white_pressed">H7_ACCENT_COLOR</color>
    <color name="color_ic_edit_white">H7_ACCENT_COLOR</color>
    <color name="color_ic_share_white_pressed">H7_ACCENT_COLOR</color>
    <color name="color_ic_share_white">H7_ACCENT_COLOR</color>
    <color name="color_ic_delete_white_pressed">H7_ACCENT_COLOR</color>
    <color name="color_ic_delete_white">H7_ACCENT_COLOR</color>
    <color name="navigation_bar_color">H7_ACTIONBAR</color>

</resources>
