<?xml version="1.0" encoding="UTF-8"?><resources>
	<color name="contact_svg_icon_base_green_color">H7_COLOR_DIALER</color>
	<color name="contact_svg_icon_base_green_color_a">H7_COLOR_DIALER</color>
	<color name="emui_fab_normal">H7_COLOR_DIALER</color>
    <color name="emui_fab_pressed">H7_COLOR_DIALER</color>
	<color name="backdrop_background_color">H7_BACKGROUND</color>																	 
	<color name="call_detail__blank_backgroud_color">H7_BACKGROUND</color>
	<color name="call_subject_history_background">H7_BACKGROUND</color>
	<color name="material_grey_900">H7_BACKGROUND</color>												   
	<color name="primary_material_dark">H7_BACKGROUND</color>
	<color name="profile_simple_card_header_secondary_text_color">H7_BACKGROUND</color>
    <color name="contact_serachlayout_background">H7_BACKGROUND</color>
    <color name="people_background">H7_BACKGROUND</color>
    <color name="searchLayout_background_color">H7_BACKGROUND</color>
    <color name="background_primary">H7_BACKGROUND</color>
    <color name="numbermark_background_color">H7_BACKGROUND</color>
	<color name="contact_section_background_color">H7_BACKGROUND</color>
    <color name="contact_eidtor_title_container_color">H7_BACKGROUND</color>
    <color name="searchview_background_white">H7_COLOR_DIALER_AB</color>
    <color name="profile_simple_card_bg_color">H7_COLOR_DIALER_AB</color>
    <color name="profile_simple_card_stroke_color">H7_COLOR_DIALER_AB</color>
    <color name="draglistview_backgroud_selected_color">H7_COLOR_DIALER_AB</color>
    <color name="default_nav_bar_color">H7_COLOR_DIALER_AB</color>
	<color name="hwfab_bg">H7_COLOR_DIALER</color>
	<color name="hwfab_pressed">H7_COLOR_DIALER</color>
	<color name="contact_svg_icon_base_green_color_a">H7_COLOR_DIALER</color>
	<color name="dial_fab_backgrounp">H7_COLOR_DIALER</color>
	<color name="dial_fab_backgrounp_pressed">H7_COLOR_DIALER_PRESS</color>
	<color name="dial_fab_backgrounp_focue">H7_COLOR_DIALER</color>
	<color name="dialpad_background_color">H7_COLOR_DIALER_AB</color>
	<color name="draglistview_backgroud_selected_color">H7_COLOR_DIALER_AB</color>
	<color name="bottom_tab_bg">H7_COLOR_DIALER_AB</color>
	<color name="emui_accent">H7_COLOR_DIALER</color>
	<color name="download_selector_color_state_default">H7_COLOR_DIALER</color>
	<!-- vCard list -->
	<!-- SubTab-->
	<color name="hwsubtab_emui_color_bg">H7_BACKGROUND</color>
    <color name="background_change">#00000002</color>
</resources>