<?xml version="1.0" encoding="utf-8"?>
<resources>
 

  <color name="time_line_text_color">#f1f1f1</color>

  <color name="detail_title_color">#f1f1f1</color>

  <color name="selection_all_text_color">#f1f1f1</color>

 <color name="selection_all_bottom_line_color">#f1f1f1</color>

  <color name="date_label_text_color">#f1f1f1</color>
 
 <color name="time_line_color">#9b9b9b</color>
 
 <color name="action_divider_color">#f1f1f1</color>
 
 <color name="detail_divide_line_color">#9b9b9b</color>
 <color name="album_background">H7_BACKGROUND</color>
	
<color name="albumset_background">H7_BACKGROUND</color>

<color name="selection_all_bg_color">H7_BACKGROUND</color>

<color name="watermark_list_item_color">#ffffffff</color>
	<color name="watermark_tip_item_color">#80ffffff</color>
	<color name="watermark_tip_content_color">#ffffffff</color>
	<color name="common_action_bar_splitter">H7_ACTIONBAR</color>
	<color name="default_background">H7_BACKGROUND</color>
	<color name="albumset_label_title">#ffffffff</color>
	<color name="albumset_label_count">#ffffffff</color>
	
	<color name="album_no_video_thumbnail_placeholder">#33ffffff</color>
	
	<color name="slideshow_background">#ffffffff</color>
	<color name="button_dark_transparent_background">#66ffffff</color>
	<color name="crop_button_notselected">#ffffffff</color>
	
	<color name="photoshare_login_color">#ffffffff</color>
	<color name="photoshare_btngroup_text_color">#ffffffff</color>
	<color name="photoshare_new_share_name_text_color">#ffffffff</color>
	<color name="photoshare_new_share_edittext_color">#26ffffff</color>
	<color name="photoshare_new_share_receiver_color">#99ffffff</color>
	<color name="multiscreen_tips_background">#a0ffffff</color>
	<color name="multiscreen_controller_divider">#66ffffff</color>

	
	<color name="time_line_group_title_text_color">#ff0000ff</color>
	<color name="empty_album_text_color">#7fffffff</color>
	<color name="photoshare_login_title_color">#a6ffffff</color>
	<color name="photoshare_login_desc_color">#80ffffff</color>
	<color name="CS_black_65_percent">#a6ffffff</color>
	<color name="list_header_update_time">#ffffffff</color>
	<color name="place_holder_color">#19ffffff</color>
	<color name="Barcode_text_color">#ffffffd9</color>
	
	<color name="emui_tab_title_normal_light">#a6ffffff</color>
	<color name="emui_tab_title_normal_pressed_light">#7fffffff</color>
	<color name="emui_action_bar_title_text_color_light">#ffffffff</color>
	<color name="title_sub_title_text_enable_color_light">#cdffffff</color>
	<color name="title_sub_title_text_disable_color_light">#4dffffff</color>
	<color name="photo_share_edit_friends_text_enable_color_light">#ffffffff</color>
	<color name="photo_share_edit_friends_text_disable_color_light">#4dffffff</color>
	<color name="seekbar_textview_shadow">#bfffffff</color>
	<color name="comment_text_background">#4cffffff</color>
	<color name="cloud_share_member_text_color">#7fffffff</color>
	<color name="cloud_share_msg_text_color">#7fffffff</color>
	<color name="user_guard_tutton_text_color_normal">#ff0000ff</color>>
	<color name="top_message_text_color">#ffffffff</color>
	<color name="half_black">#80ffffff</color>
	<color name="category_divider_color">#ffffffff</color>
	<color name="actionbar_bar_title_icon_light">#ff0000ff</color>
	<color name="ic_public_arrow_right_color">#33ffffff</color>
	<color name="ic_choosed_number_bg_light_color">#7fffffff</color>
	<color name="actionbar_background_color">#353535</color>
	<color name="label_view_mask_pressed">#33ffffff</color>
	<color name="icon_white_background_color_normal">#ff0000ff</color>
	<color name="icon_white_background_color_activated">#ff0000ff</color>
	<color name="icon_white_background_color_disabled">#330000ff</color>
	<color name="white_background_text_color_normal">#99ffffff</color>
	<color name="white_background_text_color_pressed">#4cffffff</color>
	<color name="white_background_text_color_disabled">#2dffffff</color>
	<color name="photoshare_edit_group_action_text_color">#ffffffff</color>
	<color name="photoshare_new_invite_text_color_1">#d8ffffff</color>
	<color name="photoshare_new_invite_text_color_2">#a6ffffff</color>
	<color name="gallery_foot_background_color">H7_BACKGROUND</color>
	<color name="photoshare_down_up_status_progress_bgd_color_1">#4c0000ff</color>
	<color name="photoshare_down_up_status_progress_color">#260000ff</color>
	<color name="hw_graphics_list_item_shadow_item_1_end_color">#20ffffff</color>
	<color name="hw_graphics_list_item_shadow_item_2_end_color">#10ffffff</color>
	<color name="hw_graphics_list_item_shadow_item_3_start_color">#08ffffff</color>
	<color name="hw_graphics_list_item_shadow_item_4_start_color">#1affffff</color>
	<color name="hw_graphics_list_item_shadow_item_4_end_color">#1affffff</color>
	<color name="ic_gallery_notify_screenshot_color">#ffa0a0a1</color>
	<color name="ic_public_input_cancel_color">#4cffffff</color>
	<color name="pic_gallery_album_empty_color">#4cffffff</color>
	<color name="pic_gallery_album_empty_day_color">#1affffff</color>
	<color name="use_network_bottom_line_color">#08ffffff</color>
	<color name="crop_shadow_color">#cfffffff</color>
	<color name="crop_shadow_wp_color">#4fffffff</color>
	<color name="crop_wp_markers">#7fffffff</color>
	<color name="filtershow_stateview_text">#ffffffff</color>
	<color name="gradcontrol_point_shadow_start">#66ffffff</color>
	<color name="gradcontrol_line_shadow">#ffffffff</color>
	<color name="darker_transparent">#c1ffffff</color>
 
</resources>
