<?xml version="1.0" encoding="UTF-8"?><resources>
	<color name="CS_background">H7_ACTIONBAR</color>
	<color name="boutique_zone_tab_background">H7_ACTIONBAR</color>
	<color name="designer_bg">H7_ACTIONBAR</color>
	<color name="emui_color_gray_1">H7_ACTIONBAR</color>
	<color name="home_default">H7_ACTIONBAR</color>
	<color name="hwbottomnavigationview_bg">H7_ACTIONBAR</color>
	<color name="line_view_bg">H7_ACTIONBAR</color>
	<color name="more_wallpaper_devidecolor">H7_ACTIONBAR</color>
	<color name="searchview_editview_bg">H7_ACTIONBAR</color>
	<color name="share_preview_bg_color">H7_ACTIONBAR</color>
	<color name="shortcut_bg_color">H7_ACTIONBAR</color>
	<color name="tab_bottow_color_navigationin_sink">H7_ACTIONBAR</color>
	<color name="CS_emui_color_gray_1">H7_ACTIONBAR</color>
	<color name="background_fit_color_5">H7_ACTIONBAR</color>
	<color name="emui_color_gray_1_no_dark">H7_ACTIONBAR</color>
	<color name="hiad_emui_color_gray_1">H7_ACTIONBAR</color>
	<color name="material_grey_100">H7_ACTIONBAR</color>
	<color name="material_grey_50">H7_ACTIONBAR</color>
	<color name="pps_download_btn_bg">H7_ACTIONBAR</color>
	<color name="pps_download_btn_text">H7_ACTIONBAR</color>
	<color name="pps_download_btn_text_2">H7_ACTIONBAR</color>
	<color name="toolbar_bg_color">H7_BACKGROUND_TWO</color>
	<color name="scrollbar_bg_color">H7_BACKGROUND_TWO</color>
	<color name="current_text_color">H7_ACCENT_COLOR</color>
	<color name="progress_button_line">H7_ACCENT_COLOR</color>
	<color name="progress_button_content">H7_ACCENT_COLOR_DISABLED</color>
	<color name="progress_bg_color">H7_BACKGROUND_TWO</color>
	<color name="blank_view_color">H7_BACKGROUND_TWO</color>
	<color name="progress_button_content_pressed">H7_ACCENT_COLOR_DISABLED</color>
	<color name="private_policy_normal">H7_ACCENT_COLOR</color>
	<color name="icon_white_bg_default_color">H7_ACCENT_COLOR</color>
	<color name="tab_toolbar_color">H7_BACKGROUND_TWO</color>
	<color name="status_bar_color">H7_BACKGROUND_TWO</color>
	<color name="emui_color_gray_1">H7_BACKGROUND_TWO</color>
	<color name="emui_white">H7_BACKGROUND_TWO</color>
	<color name="color_ok_icon">H7_BACKGROUND_TWO</color>
	<color name="more_wallpaper_devidecolor">H7_ACTIONBAR</color>
	<color name="count_bag_color">H7_BACKGROUND_TWO</color>
	<color name="emui_color_gray_2">H7_BACKGROUND_TWO</color>
	<color name="share_preview_bg_color">H7_BACKGROUND_TWO</color>
	<color name="toolbar_bg_color">H7_BACKGROUND_TWO</color>
	<color name="scrollbar_bg_color">H7_BACKGROUND_TWO</color>
	<color name="current_text_color">H7_ACCENT_COLOR</color>
	<color name="progress_button_line">H7_ACCENT_COLOR</color>
	<color name="progress_button_content">H7_ACCENT_COLOR_DISABLED</color>
	<color name="progress_bg_color">H7_BACKGROUND_TWO</color>
	<color name="blank_view_color">H7_BACKGROUND_TWO</color>
	<color name="progress_button_content_pressed">H7_ACCENT_COLOR_DISABLED</color>
	<color name="private_policy_normal">H7_ACCENT_COLOR</color>
	<color name="icon_white_bg_default_color">H7_ACCENT_COLOR</color>
	<color name="tab_toolbar_color">H7_BACKGROUND_TWO</color>
	<color name="status_bar_color">H7_BACKGROUND_TWO</color>
	<color name="emui_white">H7_BACKGROUND_TWO</color>
	<color name="color_ok_icon">H7_BACKGROUND_TWO</color>
	<color name="more_wallpaper_devidecolor">H7_ACTIONBAR</color>
	<color name="count_bag_color">H7_BACKGROUND_TWO</color>
	<color name="emui_color_gray_2">H7_BACKGROUND_TWO</color>
	<color name="share_preview_bg_color">H7_BACKGROUND_TWO</color>
	<color name="emui_white_dialog">H7_BACKGROUND</color>
	<!--账号sdk-->
	<color name="CS_background">H7_BACKGROUND_TWO</color>
	<color name="hwtoolbar_status_color">H7_ACTIONBAR</color>
	<color name="home_default">H7_BACKGROUND_TWO</color>
	<color name="tab_bottow_color_navigationin_sink">H7_BACKGROUND_TWO</color>
	<color name="recommend_card_bg_color">H7_BACKGROUND_TWO</color>
	<color name="toolbar_bg_color">H7_BACKGROUND_TWO</color>
	<color name="scrollbar_bg_color">H7_BACKGROUND00</color>
	<color name="current_text_color">H7_ACCENT_COLOR</color>
	<color name="progress_button_line">H7_ACCENT_COLOR</color>
	<color name="progress_button_content">H7_ACCENT_COLOR_DISABLED</color>
	<color name="progress_bg_color">H7_BACKGROUND_TWO</color>
	<color name="blank_view_color">H7_BACKGROUND_TWO</color>
	<color name="progress_button_content_pressed">H7_ACCENT_COLOR_DISABLED</color>
	<color name="private_policy_normal">H7_ACCENT_COLOR</color>
	<color name="icon_white_bg_default_color">H7_ACCENT_COLOR</color>
	<color name="tab_toolbar_color">H7_BACKGROUND_TWO</color>
	<color name="status_bar_color">H7_BACKGROUND_TWO</color>
	<color name="emui_white">H7_BACKGROUND_TWO</color>
	<color name="more_wallpaper_devidecolor">H7_ACTIONBAR</color>
	<color name="count_bag_color">H7_BACKGROUND_TWO</color>
	<color name="emui_color_gray_2">H7_BACKGROUND_TWO</color>
	<color name="share_preview_bg_color">H7_BACKGROUND00</color>
	<color name="color_favorites_rect">H7_BACKGROUND_TWO</color>
	<!--账号sdk-->
	<color name="CS_background">H7_BACKGROUND_TWO</color>
	<color name="hwtoolbar_status_color">H7_ACTIONBAR</color>
	<color name="home_default">H7_BACKGROUND_TWO</color>
	<color name="tab_bottow_color_navigationin_sink">H7_BACKGROUND_TWO</color>
	<color name="recommend_card_bg_color">H7_BACKGROUND_TWO</color>
	<color name="emui_functional_blue">H7_ACCENT_COLOR</color>
	<!--<color name="emui_white">#e6e6e6</color>-->
	<!--light theme-->
	<!--on 填充-->
	<color name="emui_accent">H7_ACCENT_COLOR</color>
	<!--对勾-->
	<!--off 线框-->
	<!--off 填充-->
	<color name="hwcheckbox_off_mask">H7_BACKGROUND_TWO</color>
	<!--dark theme-->
	<!--dark on disable填充-->
	<color name="accent_on_disable_dark_emui">H7_ACCENT_COLOR_DISABLED</color>
	<!--dark disable对勾-->
	<!--dark off disable线框-->
	<!--dark off 填充-->
	<!--<color name="emui_black">#E6E6E6</color>-->
	<!--dark on enable填充-->
	<color name="hwcheckbox_accent_on_dark_emui">H7_ACCENT_COLOR</color>
	<!--dark off线框-->
	<!--dark 对勾-->
	<!--dark 分割线-->
	<!--dark 评论详情页展示资源-资源描述颜色-->
	<!--dark 评论-被回复评论用户名颜色-->
	<!--问题反馈页面兼容深色皮肤-->
	<color name="cover_translucence_color">H7_BACKGROUND_PRESS</color>
	<color name="color_white_alpha_20">H7_BACKGROUND_PRESS</color>
	<color name="status_bar_color">H7_BACKGROUND_TWO</color>
	<color name="tab_toolbar_color">H7_BACKGROUND_TWO</color>
	<color name="line_view_bg">H7_BACKGROUND_TWO</color> 
	<color name="more_title_press">H7_ACCENT_COLOR</color>
	<color name="blank_view_color">H7_BACKGROUND_TWO</color>
	<color name="toolbar_bg_color">H7_BACKGROUND_TWO</color> 
	<color name="emui_color_gray_1">H7_ACTIONBAR</color> 
	<color name="emui_color_gray_2">H7_BACKGROUND_TWO</color> 
	<color name="emui_color_gray_4">H7_BACKGROUND_TWO</color> 
	<color name="account_card_view_text">H7_ACCENT_COLOR</color>
	<color name="font_samll_text">H7_ACCENT_COLOR</color> 
	<color name="tab_bottow_color_select">H7_ACCENT_COLOR</color>
	<color name="count_bag_color">H7_BACKGROUND_TWO</color>
	<color name="CS_panel_bg">H7_BACKGROUND_TWO</color>
	<color name="emui_ratingbar_black">H7_BACKGROUND_TWO</color>
	<color name="hwtoolbar_status_color">H7_ACTIONBAR</color>
	<color name="toolbar_bg_color">H7_ACTIONBAR00</color>
	<color name="scrollbar_bg_color">H7_BACKGROUND_TWO</color>
	<color name="emui_white">H7_BACKGROUND_TWO</color>
	<color name="tab_bottow_color_navigationin_sink">H7_ACTIONBAR</color>
	<color name="ring_background_color">H7_ACTIONBAR</color>
	<color name="home_default">H7_BACKGROUND_TWO</color>
	<color name="tab_bottow_color_navigationin_sink">H7_BACKGROUND_TWO</color>
	<color name="new_topic_back_color">H7_BACKGROUND_TWO</color>
	<color name="icon_normal_default_color">H7_BACKGROUND_TWO</color>
	<color name="recommend_title_color">H7_ACCENT_COLOR_PRESS</color>
	<color name="recommend_subtitle_color">H7_ACCENT_COLOR</color>
	<color name="recommend_card_bg_color">H7_ACCENT_COLOR</color>
	<color name="recommend_subtitle_color2">H7_ACCENT_COLOR</color>
	<color name="online_wallpaper_share_color">H7_ACTIONBAR</color>
	<color name="live_wallpaper_thumbnail_text_color">H7_ACTIONBAR</color>
	<color name="progressbar_progress">H7_ACCENT_COLOR</color>
	<color name="home_default">H7_BACKGROUND_TWO</color> 
	<color name="designer_hwauth_textcolor">H7_BACKGROUND_TWO</color>
	<color name="title_gray">H7_ACCENT_COLOR</color>
	<color name="hwedit_emui_black_color_alpha_30">H7_ACTIONBAR</color>
	<color name="tips_and_divider_color">H7_BACKGROUND_TWO</color>
	<color name="more_and_refresh_color">H7_ACTIONBAR</color>
	<color name="emui_color_1">H7_ACCENT_COLOR</color>
	<color name="ring_bg_color">H7_ACTIONBAR</color>
	<color name="skin_tab_bg_color">H7_ACTIONBAR</color>
	<color name="ranking_bg_color">H7_BACKGROUND_TWO</color>
	<color name="ring_background_color">H7_BACKGROUND_TWO</color>
	<color name="overlay_blur_color">H7_ACTIONBAR</color>
	<color name="skin_tab_bottom_icon_active_color">H7_ACCENT_COLOR</color>
	<color name="skin_overlay_blur_color">H7_ACTIONBAR</color>
	<color name="skin_sub_tab_indicator_color">H7_ACTIONBAR</color>
	<color name="current_text_color">H7_ACCENT_COLOR</color>
	<color name="progress_button_line">H7_ACCENT_COLOR</color>
	<color name="progress_button_content">H7_ACCENT_COLOR_PRESS</color>
	<color name="progress_button_content_pressed">H7_ACCENT_COLOR_PRESS</color>
	<color name="progress_button_content_normal">H7_ACCENT_COLOR_PRESS</color>
	<color name="icon_white_bg_default_color">H7_ACCENT_COLOR</color>
	<color name="icon_white_bg_pressed_color">H7_ACCENT_COLOR_PRESS</color>
	<color name="progress_button_textcolor">H7_ACCENT_COLOR</color>
	<color name="private_policy_normal">H7_ACCENT_COLOR</color>
	<color name="private_policy_press">H7_ACCENT_COLOR_PRESS</color>
	<color name="shortcut_center">H7_ACCENT_COLOR</color>
	<color name="upsdk_category_button_select_pressed">H7_ACCENT_COLOR_PRESS</color>
	<color name="upsdk_blue_text_007dff">H7_ACCENT_COLOR</color>
	<color name="emui_functional_blue">H7_ACCENT_COLOR</color>
	<color name="emui_functioanl_blue_dark">H7_ACCENT_COLOR</color>
	<color name="emui_accent">H7_ACCENT_COLOR</color>
	<color name="hwcheckbox_accent_on_dark_emui">H7_ACCENT_COLOR</color>
	<color name="common_button_normal_color">H7_ACCENT_COLOR</color>
	<color name="common_button_press_color">H7_ACCENT_COLOR</color>
	<color name="common_button_disable_color">H7_ACCENT_COLOR</color>
	<color name="pps_download_btn_text">H7_ACCENT_COLOR</color>
	<color name="skin_white_color">H7_ACTIONBAR</color>
	<color name="emui_color_bg">H7_BACKGROUND_TWO</color>
</resources>