﻿<?xml version="1.0" encoding="utf-8"?>
<resources>
    <color name="icon_white_background_color_normal">H7_ACCENT_COLOR</color>
    <color name="icon_white_background_color_activated">H7_ACCENT_COLOR</color>
    <color name="icon_white_background_color_pressed">H7_ACCENT_COLOR</color>
    <color name="icon_white_background_color_disabled">#33ffffff</color>
    <color name="actionbar_text_dark">#ffffff</color>
    <color name="actionbar_number_background_color">#33ffffff</color>
    <color name="actionbar_text_light">#ffffff</color>
    <color name="activity_background">#000000</color>
</resources>