<?xml version="1.0" encoding="utf-8"?>
<resources>


    <color name="emui_color_gray_1">#14ffffff</color>
    <color name="emui_color_gray_10">#ffffffff</color>
    <color name="emui_color_gray_5">#4dffffff</color>
    <color name="item_pressed_color">H7_ACTIONBAR</color>
    <color name="ActionbarTitle_Program">#ffffffff</color>
    <color name="EmptyView_color">#ffffffff</color>
    <color name="TextAppearance_EditEvent">#ffffffff</color>
    <color name="action_bar_land_menu_color">H7_ACCENT_COLOR</color>
    <color name="action_bar_menu_color">H7_ACCENT_COLOR</color>
    <color name="action_lunar_title_left_text_color">#7fffffff</color>
    <color name="action_menu_color">H7_ACCENT_COLOR</color>
    <color name="action_menu_text_land_default_color">#b2ffffff</color>
    <color name="agenda_event_when_text_color">#7fffffff</color>
    <color name="agenda_fragment_divider">#33ffffff</color>
    <color name="agenda_fragment_event_info_background">#14ffffff</color>
    <color name="agenda_item_background">H7_BACKGROUND</color>
    <color name="agenda_item_declined_color">#80ffffff</color>
    <color name="agenda_item_where_declined_text_color">#80ffffff</color>
    <color name="agenda_list_item_divider">#33ffffff</color>
    <color name="agenda_list_separator_color">H7_ACTIONBAR</color>
    <color name="appwidget_week">#7fffffff</color>
    <color name="background_color">H7_BACKGROUND</color>
    <color name="black_calendar_edit_add_bg">H7_BACKGROUND</color>
    <color name="calendar_grid_line_highlight_color">#ffffffff</color>
    <color name="calendar_grid_line_inner_horizontal_color">#26ffffff</color>
    <color name="calendar_grid_line_inner_vertical_color">#26ffffff</color>
    <color name="calendar_view_switch_menu_text_color_light">#80ffffff</color>
    <color name="chips_item_delete_color">#ffffffff</color>
    <color name="color_black">#ffffffff</color>
    <color name="color_focused_highlight">H7_ACCENT_COLOR</color>
    <color name="color_white">H7_BACKGROUND</color>
    <color name="date_info_title_time">#ffffffff</color>
    <color name="day_view_event_bg_color_alpha">#00000066</color>
    <color name="day_view_event_location_Color1">#66ffffff</color>
    <color name="day_view_event_location_Color2">#66ffffff</color>
    <color name="day_view_event_location_Color3">#66ffffff</color>
    <color name="day_view_event_location_Color4">#66ffffff</color>
    <color name="day_view_event_location_Color5">#66ffffff</color>
    <color name="day_view_event_location_Color6">#66ffffff</color>
    <color name="day_view_event_location_Color7">#66ffffff</color>
    <color name="day_view_event_location_Color8">#66ffffff</color>
    <color name="day_view_event_pressed_bg_color_alpha">#00000099</color>
    <color name="day_view_event_textColor1">#a8ffffff</color>
    <color name="day_view_event_textColor2">#a8ffffff</color>
    <color name="day_view_event_textColor3">#a8ffffff</color>
    <color name="day_view_event_textColor4">#a8ffffff</color>
    <color name="day_view_event_textColor5">#a8ffffff</color>
    <color name="day_view_event_textColor6">#a8ffffff</color>
    <color name="day_view_event_textColor7">#a8ffffff</color>
    <color name="day_view_pop_window_background">H7_ACTIONBAR</color>
    <color name="departed_event_area_color">H7_ACTIONBAR</color>
    <color name="drawer_layout_other_view_background">#99000000</color>
    <color name="edit_event_content_color">#ffffffff</color>
    <color name="edit_event_load">H7_BACKGROUND</color>
    <color name="edit_event_separator_area">#33ffffff</color>
    <color name="edit_event_title_label_color">#ffffffff</color>
    <color name="event_center">H7_ACCENT_COLOR</color>
    <color name="event_info_content_color">#ffffffff</color>
    <color name="event_info_dialog_bg">H7_ACTIONBAR</color>
    <color name="event_info_headline_link_color">#80ffffff</color>
    <color name="fab_color">H7_ACTIONBAR</color>
    <color name="fab_color_arc">#20000000</color>
    <color name="fab_color_gray_4">#00000000</color>
    <color name="fab_color_icon">#ffe6e6e6</color>
    <color name="fab_color_pressed">H7_ACCENT_COLOR_PRESS</color>
    <color name="folder_title_count_bg_color">H7_ACTIONBAR</color>
    <color name="header_num_circle_color">H7_ACCENT_COLOR</color>
    <color name="hw_graphics_shadow_color1">#20ffffff</color>
    <color name="hw_graphics_shadow_color2">#10ffffff</color>
    <color name="hw_graphics_shadow_color3">#08ffffff</color>
    <color name="hw_graphics_shadow_color4">#1affffff</color>
    <color name="ic_location_normal_bg">#ffe6e6e6</color>
    <color name="ic_public_arrow_pressed">#ffffffff</color>
    <color name="item_pressed_color_bell">#1affffff</color>
    <color name="line_title_color_start">#33ffffff</color>
    <color name="list_item_selected">H7_ACCENT_COLOR</color>
    <color name="lunar_date_area_color">#14ffffff</color>
    <color name="map_current_location">#99ffffff</color>
    <color name="map_current_select_line">#ffffffff</color>
    <color name="month_day_number_not_focus">#33ffffff</color>
    <color name="month_dna_conflict_time_color">#80ffffff</color>
    <color name="month_festival">H7_ACCENT_COLOR</color>
    <color name="month_festival_not_focus">H7_ACCENT_COLOR_PRESS</color>
    <color name="month_view_line">#33ffffff</color>
    <color name="month_view_select_event_background">H7_ACTIONBAR</color>
    <color name="month_weekend_number">#80ffffff</color>
    <color name="month_work_day_not_focus">#7fff3320</color>
    <color name="more_event_color">H7_ACCENT_COLOR</color>
    <color name="more_item_text">#ffffffff</color>
    <color name="multi_select_color">#ffd43e25</color>
    <color name="navigation_bar_color">H7_ACTIONBAR</color>
    <color name="new_event_icon_color_value">#66ffffff</color>
    <color name="new_event_noti_switch_up_down">#66ffffff</color>
    <color name="new_event_remove_add">#66ffffff</color>
    <color name="no_result_agenda">#33ffffff</color>
    <color name="rest_color">H7_ACCENT_COLOR</color>
    <color name="search_text_color">H7_ACCENT_COLOR</color>
    <color name="select_calendar_empty_title_item">#33ffffff</color>
    <color name="select_calendars_fragment_bg">H7_ACTIONBAR</color>
    <color name="select_weather_color">#ffcccccc</color>
    <color name="simple_ui_weekday_color">#80ffffff</color>
    <color name="sub_calendar_list_item_tv1">#80ffffff</color>
    <color name="svg_normal_fillColor">#33ffffff</color>
    <color name="task_title_gray_color">#7fffffff</color>
    <color name="text_color_link">H7_ACCENT_COLOR</color>
    <color name="today_button_rect_color">H7_ACCENT_COLOR</color>
    <color name="today_color_white">H7_ACTIONBAR</color>
    <color name="today_pressed">H7_ACTIONBAR</color>
    <color name="toolbar_text_pressed">#a6ffffff</color>
    <color name="toolbar_text_unpressed">#a6ffffff</color>
    <color name="unselected_color">#ffffffff</color>
    <color name="week_view_week_number_color">#d9ffffff</color>
    <color name="week_view_week_string_color">#7fffffff</color>
    <color name="widget_address_color">#80ffffff</color>
    <color name="widget_agenda_today_title_color">H7_ACCENT_COLOR</color>
    <color name="widget_applock_text_color">#ffffffff</color>
    <color name="widget_date_title_defalut_background">#14ffffff</color>
    <color name="widget_div_color">#0cffffff</color>
    <color name="work_color">#ffd30003</color>


    <color name="emui_accent">H7_ACCENT_COLOR</color>
    <color name="emui_accent_inverse">H7_ACCENT_COLOR</color>
    <color name="emui_accent_pressed">H7_ACCENT_COLOR</color>
    <color name="emui_black">#ffe6e6e6</color>
    <color name="emui_button_default">#1affffff</color>
    <color name="emui_button_default_disabled">#0affffff</color>
    <color name="emui_card_bg">H7_ACTIONBAR</color>
    <color name="emui_clickeffic_default_color">#19ffffff</color>
    <color name="emui_color_1">#ff3f56ea</color>
    <color name="emui_color_10">#ffa56200</color>
    <color name="emui_color_11">#ff8c6800</color>
    <color name="emui_color_2">#ff007aac</color>
    <color name="emui_color_3">#ff00777e</color>
    <color name="emui_color_4">#ff007900</color>
    <color name="emui_color_5">#ff4e7800</color>
    <color name="emui_color_6">#ff8a2be2</color>
    <color name="emui_color_7">#ffe40078</color>
    <color name="emui_color_8">#ffd30003</color>
    <color name="emui_color_9">#ffba5500</color>
    <color name="emui_color_bg">H7_BACKGROUND</color>
    <color name="emui_color_connected">#ff007900</color>
    <color name="emui_color_divider_horizontal">#33ffffff</color>
    <color name="emui_color_fg">#ffffffff</color>
    <color name="emui_color_fg_inverse">#ffe5e5e5</color>
    <color name="emui_color_fg_inverse_disable">#ff616161</color>
    <color name="emui_color_gray_1">H7_ACTIONBAR</color>
    <color name="emui_color_gray_10">#ffe6e6e6</color>
    <color name="emui_color_gray_2">H7_ACTIONBAR</color>
    <color name="emui_color_gray_3">H7_ACTIONBAR</color>
    <color name="emui_color_gray_4">H7_ACTIONBAR</color>
    <color name="emui_color_gray_5">#4ce6e6e6</color>
    <color name="emui_color_gray_6">#ff666666</color>
    <color name="emui_color_gray_7">#ff808080</color>
    <color name="emui_color_gray_8">#ffb3b3b3</color>
    <color name="emui_color_gray_9">#ffcccccc</color>
    <color name="emui_color_handup">#ffd30003</color>
    <color name="emui_color_list_divider">#33ffffff</color>
    <color name="emui_color_primary">#a9ffffff</color>
    <color name="emui_color_secondary">#80ffffff</color>
    <color name="emui_color_subheader_divider">#19ffffff</color>
    <color name="emui_color_tertiary">#61ffffff</color>
    <color name="emui_color_text_highlight">H7_ACCENT_COLOR_PRESS</color>
    <color name="emui_color_text_primary">#a9ffffff</color>
    <color name="emui_color_text_secondary">#80ffffff</color>
    <color name="emui_color_text_tertiary">#61ffffff</color>
    <color name="emui_color_warning">#ffba5500</color>
    <color name="emui_control_highlight">H7_ACCENT_COLOR</color>
    <color name="emui_control_normal">#19ffffff</color>
    <color name="emui_control_normal_disabled">#0affffff</color>
    <color name="emui_fab_bg_normal">H7_ACCENT_COLOR</color>
    <color name="emui_fab_bg_pressed">H7_ACCENT_COLOR</color>
    <color name="emui_fab_icon">#ffffffff</color>
    <color name="emui_functional_blue">H7_ACCENT_COLOR</color>
    <color name="emui_functional_blue_inverse">H7_ACCENT_COLOR</color>
    <color name="emui_functional_green">#ff007900</color>
    <color name="emui_functional_red">#ffd30003</color>
    <color name="emui_list_separator_text">#00000000</color>
    <color name="emui_primary">#ffffffff</color>
    <color name="emui_primary_inverse">#ffe5e5e5</color>
    <color name="emui_text_disabled">#61ffffff</color>
    <color name="emui_text_highlight_inverse">H7_ACCENT_COLOR_PRESS</color>
    <color name="emui_text_hint">#7fffffff</color>
    <color name="emui_text_hint_inverse">#99ffffff</color>
    <color name="emui_text_inverse_disable">#61ffffff</color>
    <color name="emui_text_primary">#ffffffff</color>
    <color name="emui_text_primary_inverse">#ffffffff</color>
    <color name="emui_text_secondary_inverse">#99ffffff</color>
    <color name="emui_text_tertiary_inverse">#61ffffff</color>
    <color name="emui_white">#ffe6e6e6</color>
    <color name="hwclickeffic_default_color_emui">#19ffffff</color>
    <color name="hwdateandtimepicker_alert_dialog_button_text_color">H7_ACCENT_COLOR</color>
    <color name="hwdateandtimepicker_alert_dialog_divider_backgroud_color">#33ffffff</color>
    <color name="hwdateandtimepicker_backgroud_color">H7_ACTIONBAR</color>
    <color name="hwdatepicker_alert_dialog_button_text_color">H7_ACCENT_COLOR</color>
    <color name="hwdatepicker_alert_dialog_divider_backgroud_color">#33ffffff</color>
    <color name="hwdatepicker_backgroud_color">H7_ACTIONBAR</color>
    <color name="hwdatepicker_item_pressed_color">#19ffffff</color>
    <color name="hwsubtab_click_effect_color">#19ffffff</color>
    <color name="hwsubtab_emui_color_bg">H7_BACKGROUND</color>
    <color name="hwsubtab_emui_subtab_text_off">#66ffffff</color>
    <color name="hwsubtab_emui_subtab_text_on">H7_ACCENT_COLOR</color>
    <color name="hwsubtab_indicator_color">H7_ACCENT_COLOR</color>
    <color name="hwswitch_off_track_bg">#ff616161</color>
    <color name="hwswitch_thumb_disable">#ff616161</color>
    <color name="item_pressed_color">#19ffffff</color>
</resources>
