﻿<?xml version="1.0" encoding="utf-8"?>
<resources>

   <item  name="pressed_alpha_emui" format="float" type="dimen">0.50</item>
   <color name="text_color">#141414</color>
   <color name="no_notes_text_color">#656565</color>
   <color name="reminder_text_color">H7_ACCENT_COLOR</color>
   <color name="search_text_color">H7_ACCENT_COLOR</color>
   <color name="notecontent_date_text_color">#7Fffffff</color>
   <color name="notecontent_detail_text_color">#FFffffff</color>
   <color name="item_date_text_color_black">#8Affffff</color>
   <color name="settings_option_tittle_color">#80ffffff</color>
   <color name="drawer_background_color">H7_BACKGROUND</color>
   <color name="drawer_header_background_color">H7_ACTIONBAR</color>
   <color name="app_bottom_toolbar_text_color">#a6ffffff</color>
   <color name="notepad_main_color">H7_BACKGROUND_TWO</color>
    <color name="notepad_main_edit_color">H7_BACKGROUND_TWO</color>
   <color name="card_main_color">H7_BACKGROUND_TWO</color>
   <color name="nav_header_start">H7_ACCENT_COLOR</color>
   <color name="nav_header_center">H7_ACCENT_COLOR</color>
   <color name="nav_header_end">#33BFF7</color>
   <color name="nav_right_side">H7_BACKGROUND_PRESS</color>
   <color name="text_todo_done">#4Cffffff</color>
   <color name="current_theme_color">H7_ACCENT_COLOR</color>
   <color name="app_bar_main_title_count_text_color">#ffffff</color>
   <color name="app_bar_main_title_text_color">#ffffff</color>
    <color name="fontstyle_background_color">#08ffffff</color>
    <color name="fontstyle_title_background_color">#08ffffff</color>
    <color name="ic_notepad_edit_color">H7_ACCENT_COLOR</color>
    <color name="tag_newtag_font_color">H7_ACCENT_COLOR</color>
    <color name="actionbar_theme_color">H7_ACCENT_COLOR</color>
    <color name="grid_view_selected_cover_color">#33d8d8d8</color>
    <color name="fontstyle_title_color">#c2ffffff</color>
    <color name="fontstyle_splitter_color">#33ffffff</color>
    <color name="fontstyle_size_color">#666666</color>
    <color name="note_text_font_style_unselect">H7_ACCENT_COLOR</color>
    <color name="note_text_font_style_disable">H7_ACCENT_COLOR_DISABLEDa</color>
    <color name="note_text_font_style_select">H7_BACKGROUND_TWO</color>
    <color name="drawer_item_title_color">#ffffffff</color>
    <color name="drawer_item_text_color">#FFffffff</color>
    <color name="note_color_covercontent">#B2ffffff</color>
    <color name="note_color_coverbutton">#B9ffffff</color>
    <color name="note_remind_cover_view">#26ffffff</color>
	<color name="note_widget_label">H7_ACCENT_COLOR</color>
    <color name="note_color_white">#ffffffff</color>
    <color name="notepad_grid_item_date">#80ffffff</color>
    <color name="intelligent_setting_tv_description">#80ffffff</color>
    <color name="intelligent_setting_tv">#ffffff</color>
    <color name="todo_icon_color">#80ffffff</color>
    <color name="todo_color">#80ffffff</color>
    <color name="text_todo_done">#80ffffff</color>
    <color name="rich_number_color">#ffffff</color>
    <color name="text_todo_default">#ffffff</color>
    <color name="select_method">#ffffff</color>
    <color name="time_set">H7_ACTIONBAR</color>
    <color name="select_method_description">#80ffffff</color>
    <color name="background_bitmap_color">H7_ACTIONBAR</color>
    <color name="list_or_grid_item_icon_color">#80ffffff</color>
    <color name="primary_menu_text_emui">#80ffffff</color>
    <color name="menuitem_default_uncheckedcolor_disabled">#33ffffff</color>
    <color name="menuitem_default_uncheckedcolor_pressed">#4dffffff</color>
    <color name="menuitem_default_uncheckedcolor">#bfffffff</color>
    <color name="note_tag_name_color">#ffffff</color>
    <color name="infolist_address_detail">#ffffff</color>
    <color name="geo_alarm_history_container_background_color">H7_ACTIONBAR</color>
    <color name="notepad_main_toolbar_background_color">H7_BACKGROUND_TWO</color>
    <color name="remind_dialog">#80ffffff</color>
    <color name="location_hint_text_color">#33ffffff</color>
    <color name="tag_hint_color">#33ffffff</color>
    <color name="tag_font_color">#ffffff</color>
    <color name="select_count_bg_color">#33ffffff</color>
    <color name="watermark_content_text_color">#bfffffff</color>
    <color name="watermark_header_background_color">H7_ACTIONBAR</color>
    <color name="watermark_header_text_color">#bfffffff</color>
	<color name="notecontent_date_text_color_widget">#80ffffff</color>
	<color name="notecontent_detail_text_color_widget">#ffffffff</color>
	<color name="text_todo_done_widget">#7f7f7f</color>
	<color name="widget_item_icon_color">#80ffffff</color>
	<color name="todo_icon_color_widget">#80ffffff</color>
	<color name="widget_label">#ffffffff</color>
	<color name="widget_note_list">#ffffffff</color>
	<color name="widget_more">H7_ACCENT_COLOR</color>
	<color name="color_list_pressed_bg">H7_BACKGROUND_PRESS</color>
	<color name="color_dark_grid">#33d3d3d3</color>
	<color name="app_action_bar_title_color">#ffffff</color>
	<color name="status_bar">H7_ACTIONBAR</color>
	<color name="app_action_bar_color">H7_ACTIONBAR</color>
    <color name="color_splitline">#26ffffff</color>
    <color name="status_bar_cover">#00000000</color>
    <color name="widget_applock_text_color">#FFFFFF</color>
    <color name="recommendatory_view_bg">H7_BACKGROUND_TWO</color>
    <color name="recommendatory_view_button_text_color">H7_ACCENT_COLOR</color>
    <color name="recommendatory_view_color">#ffffff</color>
    <color name="notecontent_tag_name_color">#ffffff</color>
    <color name="note_status_bar_bg">H7_ACTIONBAR</color>
    <color name="actionbar_theme_color_pressed">#ffffff</color>
    <color name="actionbar_theme_color">#ffffff</color>
    <color name="grid_no_tag_bg">#99666666</color>
    <color name="ic_public_fillcolor">#656565</color>
    <color name="notepad_no_note_black">#ffffff</color>
    <color name="text_indent_disabled_color">H7_ACCENT_COLOR_DISABLED</color>
    <color name="notepad_bg">#33FFFFFF</color>
    <color name="notepad_text_bg">#FF4081</color>
    <color name="emui_color_gray_1">#F24f5257</color>
    <color name="notepad_arrow_color">#B3FFFFFF</color>
    <color name="note_list_item_red">#641112</color>
    <color name="note_list_item_orange">#662F00</color>
    <color name="note_list_item_yellow">#664C00</color>
    <color name="note_list_item_green">#1C521C</color>
    <color name="note_list_item_navy_blue">#004C50</color>
    <color name="note_list_item_blue">#00445f</color>
    <color name="note_list_item_purple">#37115A</color>
    <color name="note_list_item_gray">#19225E</color>
    <color name="note_list_item_default">H7_ACTIONBAR</color>
    <color name="note_list_item_select_red">#A01B1D</color>
    <color name="note_list_item_select_orange">#A34B00</color>
    <color name="note_list_item_select_yellow">#A37A00</color>
    <color name="note_list_item_select_green">#2E822E</color>
    <color name="note_list_item_select_navy_blue">#007A80</color>
    <color name="note_list_item_select_blue">#006D98</color>
    <color name="note_list_item_select_purple">#581C90</color>
    <color name="note_list_item_select_gray">#293795</color>
    <color name="note_list_item_select_whit">#4D4D4D</color>
    <color name="pen_icon">#FFFFFF</color>
    <color name="erase_icon">#FFFFFF</color>
    <color name="todo_recoder">#FFFFFF</color>
    <color name="canvas_bg">H7_BACKGROUND_TWO</color>
    <color name="canvas_wave">#4D4D4D</color>
    <color name="todo_recoder_divider">#33FFFFFF</color>
    <color name="bottom_todo_layout_bg">#313130</color>
    <color name="paint_open_bg_color">H7_ACTIONBAR</color>
    <color name="new_todo_list_divider_color">#FFFFFF</color>
    <color name="item_date_color">#80FFFFFF</color>
    <color name="ic_pen_unselect_color">#808080</color>
    <color name="navigationbar_color_dark">H7_ACTIONBAR</color>
    <color name="todo_list_pressed_color">#3C3C3C</color>
    <color name="todo_list_selected_color">#474747</color>
    <color name="todo_list_normal_color">H7_ACTIONBAR</color>
    <color name="handwriting_line_color">#FFFFFF</color>
    <color name="graffiti_back_ground_line_color">H7_ACTIONBAR</color>
    <color name="graffiti_frame_line_color">#808080</color>
    <color name="alert_content_color">#FFFFFF</color>
	
	
</resources>