<?xml version="1.0" encoding="utf-8"?>
<resources>
    <color name="user_icon_background_1">#4CC6E4</color>
    <color name="user_icon_background_2">#5A9DE6</color>
    <color name="user_icon_background_3">#C765DC</color>
    <color name="user_icon_background_4">#6573C3</color>
    <color name="user_icon_background_5">#FF8034</color>
    <color name="user_icon_background_6">#46CB44</color>
    <color name="user_icon_background_7">#13BD98</color>
    <color name="user_icon_default_avatar">#FFFFFF</color>

    <color name="user_icon_progress">H7_ACCENT_COLOR</color>
    <color name="notification_color">H7_ACCENT_COLOR</color>
    <color name="state_color_sending">H7_ACCENT_COLOR</color>
    <color name="state_color_success">H7_ACCENT_COLOR</color>
    <color name="state_color_failure">#FF3200</color>
    <color name="state_color_cancel">#FF3200</color>
    <color name="state_color_waiting">H7_ACCENT_COLOR</color>
    <color name="state_color_reject">#FF3200</color>

    <color name="layout_background_press">#F2FFFFFF</color>             
    <color name="layout_avatar_background_press">#FFFFFF</color>      

    <color name="default_text_title_color">#FFFFFF</color>
    <color name="default_text_content_color">#7FFFFFFF</color>
    <color name="user_item_title_color">#FFFFFF</color>
    <color name="user_item_content_color">#7FFFFFFF</color>
    <color name="layout_main_divid_line_color">#21FFFFFF</color>

    <color name="layout_history_empty_text">#999999</color>            
    <color name="layout_history_item_divid_line">#21FFFFFF</color>
    <color name="icon_history_item_state">#7FFFFFFF</color>
    <color name="icon_history_empty">#FFFFFF</color>
    <color name="permission_dialogue_checkbox_color">#FFFFFF</color>
    <color name="drop_guid_selected">H7_ACCENT_COLOR</color>
    <color name="drop_guid_unselected">#FFFFFF</color>

    <color name="icon_notification_small">#6895c6</color>
    <color name="scan_icon_disable">#CCFFFFFF</color>
    <color name="scan_icon_scanning_light">#218891b9</color>
    <color name="scan_icon_scanning_dark">H7_ACCENT_COLOR</color>
    <color name="layout_main_divid_line_color">#21FFFFFF</color>
    <color name="activity_background_color">#000000</color>
</resources>